date,party,value
2017-01-09,pd,30.5
2017-01-09,pd,31.4
2017-01-09,i,NA
2017-01-09,i,NA
2017-01-09,fi,12.1
2017-01-09,fi,13.4
2017-01-09,ln,12.1
2017-01-09,ln,13.4
2017-01-09,fdl,4
2017-01-09,fdl,4
2017-01-09,m5s,27.5
2017-01-09,m5s,28.8
2017-01-09,leu,NA
2017-01-09,leu,NA
2017-01-09,others,4
2017-01-09,others,4.3
2017-01-09,si,3
2017-01-09,si,3.1
2017-01-09,ap,3
2017-01-09,ap,3
2017-01-09,mdp,4.6
2017-01-09,mdp,4.8
2017-01-09,cp/ap,3.5
2017-01-09,cp/ap,3.5
2017-01-09,lcp,NA
2017-01-09,lcp,NA
2017-01-11,pd,29.5
2017-01-11,pd,30.1
2017-01-11,pd,31.6
2017-01-11,i,NA
2017-01-11,i,NA
2017-01-11,i,NA
2017-01-11,fi,12
2017-01-11,fi,12.4
2017-01-11,fi,13
2017-01-11,ln,12.5
2017-01-11,ln,13.2
2017-01-11,ln,13.2
2017-01-11,fdl,4
2017-01-11,fdl,4
2017-01-11,fdl,4
2017-01-11,m5s,25.7
2017-01-11,m5s,29.2
2017-01-11,m5s,30.9
2017-01-11,leu,NA
2017-01-11,leu,NA
2017-01-11,leu,NA
2017-01-11,others,3.1
2017-01-11,others,4.5
2017-01-11,others,5.3
2017-01-11,si,2.6
2017-01-11,si,3
2017-01-11,si,4
2017-01-11,ap,3
2017-01-11,ap,3
2017-01-11,ap,3
2017-01-11,mdp,4.4
2017-01-11,mdp,4.6
2017-01-11,mdp,4.8
2017-01-11,cp/ap,3
2017-01-11,cp/ap,3.6
2017-01-11,cp/ap,3.8
2017-01-11,lcp,NA
2017-01-11,lcp,NA
2017-01-11,lcp,NA
2017-01-15,pd,31.6
2017-01-15,i,NA
2017-01-15,fi,11.4
2017-01-15,ln,13.1
2017-01-15,fdl,4
2017-01-15,m5s,27.7
2017-01-15,leu,NA
2017-01-15,others,5.6
2017-01-15,si,3
2017-01-15,ap,3
2017-01-15,mdp,4.9
2017-01-15,cp/ap,2.7
2017-01-15,lcp,NA
2017-01-16,pd,30.1
2017-01-16,i,NA
2017-01-16,fi,12.9
2017-01-16,ln,12.5
2017-01-16,fdl,4
2017-01-16,m5s,29.8
2017-01-16,leu,NA
2017-01-16,others,3.9
2017-01-16,si,2.9
2017-01-16,ap,3
2017-01-16,mdp,4.7
2017-01-16,cp/ap,3.2
2017-01-16,lcp,NA
2017-01-18,pd,31
2017-01-18,i,NA
2017-01-18,fi,13.1
2017-01-18,ln,13.2
2017-01-18,fdl,4
2017-01-18,m5s,26.5
2017-01-18,leu,NA
2017-01-18,others,5.1
2017-01-18,si,2.7
2017-01-18,ap,3
2017-01-18,mdp,4.6
2017-01-18,cp/ap,3.8
2017-01-18,lcp,NA
2017-01-20,pd,28.4
2017-01-20,i,NA
2017-01-20,fi,13.4
2017-01-20,ln,13.5
2017-01-20,fdl,4
2017-01-20,m5s,26.8
2017-01-20,leu,NA
2017-01-20,others,7
2017-01-20,si,3.9
2017-01-20,ap,3
2017-01-20,mdp,4.2
2017-01-20,cp/ap,2.8
2017-01-20,lcp,NA
2017-01-22,pd,31.7
2017-01-22,i,NA
2017-01-22,fi,11.1
2017-01-22,ln,13.6
2017-01-22,fdl,4
2017-01-22,m5s,28.3
2017-01-22,leu,NA
2017-01-22,others,4.6
2017-01-22,si,3.1
2017-01-22,ap,3
2017-01-22,mdp,4.6
2017-01-22,cp/ap,3
2017-01-22,lcp,NA
2017-01-25,pd,29.7
2017-01-25,pd,31.8
2017-01-25,i,NA
2017-01-25,i,NA
2017-01-25,fi,12.5
2017-01-25,fi,12.9
2017-01-25,ln,12.4
2017-01-25,ln,12.5
2017-01-25,fdl,4
2017-01-25,fdl,4
2017-01-25,m5s,26.7
2017-01-25,m5s,31
2017-01-25,leu,NA
2017-01-25,leu,NA
2017-01-25,others,3.4
2017-01-25,others,5
2017-01-25,si,3
2017-01-25,si,3
2017-01-25,ap,3
2017-01-25,ap,3
2017-01-25,mdp,4.3
2017-01-25,mdp,4.7
2017-01-25,cp/ap,3.3
2017-01-25,cp/ap,3.8
2017-01-25,lcp,NA
2017-01-25,lcp,NA
2017-01-26,pd,28.8
2017-01-26,pd,30
2017-01-26,i,NA
2017-01-26,i,NA
2017-01-26,fi,11.8
2017-01-26,fi,13.6
2017-01-26,ln,13.2
2017-01-26,ln,13.4
2017-01-26,fdl,4
2017-01-26,fdl,4
2017-01-26,m5s,26.4
2017-01-26,m5s,29
2017-01-26,leu,NA
2017-01-26,leu,NA
2017-01-26,others,4.1
2017-01-26,others,6.8
2017-01-26,si,3.7
2017-01-26,si,4
2017-01-26,ap,3
2017-01-26,ap,3
2017-01-26,mdp,3.9
2017-01-26,mdp,4.7
2017-01-26,cp/ap,3.1
2017-01-26,cp/ap,3.5
2017-01-26,lcp,NA
2017-01-26,lcp,NA
2017-01-27,pd,28.5
2017-01-27,pd,32.1
2017-01-27,i,NA
2017-01-27,i,NA
2017-01-27,fi,12.2
2017-01-27,fi,12.3
2017-01-27,ln,10.5
2017-01-27,ln,14.2
2017-01-27,fdl,4
2017-01-27,fdl,4
2017-01-27,m5s,27.9
2017-01-27,m5s,29.9
2017-01-27,leu,NA
2017-01-27,leu,NA
2017-01-27,others,4.5
2017-01-27,others,5.5
2017-01-27,si,3.8
2017-01-27,si,4
2017-01-27,ap,3
2017-01-27,ap,3
2017-01-27,mdp,3.9
2017-01-27,mdp,4.1
2017-01-27,cp/ap,2.9
2017-01-27,cp/ap,3.7
2017-01-27,lcp,NA
2017-01-27,lcp,NA
2017-01-28,pd,29
2017-01-28,i,NA
2017-01-28,fi,13
2017-01-28,ln,13
2017-01-28,fdl,4
2017-01-28,m5s,30.5
2017-01-28,leu,NA
2017-01-28,others,3.5
2017-01-28,si,3
2017-01-28,ap,3
2017-01-28,mdp,5
2017-01-28,cp/ap,3
2017-01-28,lcp,NA
2017-01-29,pd,31.2
2017-01-29,i,NA
2017-01-29,fi,11.6
2017-01-29,ln,14
2017-01-29,fdl,4
2017-01-29,m5s,28
2017-01-29,leu,NA
2017-01-29,others,4.4
2017-01-29,si,3
2017-01-29,ap,3
2017-01-29,mdp,4.5
2017-01-29,cp/ap,3.3
2017-01-29,lcp,NA
2017-01-30,pd,32
2017-01-30,i,NA
2017-01-30,fi,10.5
2017-01-30,ln,11.5
2017-01-30,fdl,4
2017-01-30,m5s,27
2017-01-30,leu,NA
2017-01-30,others,8
2017-01-30,si,3
2017-01-30,ap,3
2017-01-30,mdp,4.5
2017-01-30,cp/ap,3.5
2017-01-30,lcp,NA
2017-02-01,pd,29.1
2017-02-01,pd,30.5
2017-02-01,pd,31.1
2017-02-01,i,NA
2017-02-01,i,NA
2017-02-01,i,NA
2017-02-01,fi,12
2017-02-01,fi,12.4
2017-02-01,fi,12.9
2017-02-01,ln,12.8
2017-02-01,ln,13.1
2017-02-01,ln,13.8
2017-02-01,fdl,4
2017-02-01,fdl,4
2017-02-01,fdl,4
2017-02-01,m5s,27.3
2017-02-01,m5s,29.5
2017-02-01,m5s,29.9
2017-02-01,leu,NA
2017-02-01,leu,NA
2017-02-01,leu,NA
2017-02-01,others,4.2
2017-02-01,others,4.8
2017-02-01,others,5.1
2017-02-01,si,2.9
2017-02-01,si,3.2
2017-02-01,si,3.6
2017-02-01,ap,3
2017-02-01,ap,3
2017-02-01,ap,3
2017-02-01,mdp,3.4
2017-02-01,mdp,4.5
2017-02-01,mdp,4.7
2017-02-01,cp/ap,2.4
2017-02-01,cp/ap,3.1
2017-02-01,cp/ap,3.7
2017-02-01,lcp,NA
2017-02-01,lcp,NA
2017-02-01,lcp,NA
2017-02-02,pd,29.5
2017-02-02,i,NA
2017-02-02,fi,13.2
2017-02-02,ln,13.4
2017-02-02,fdl,4
2017-02-02,m5s,26.6
2017-02-02,leu,NA
2017-02-02,others,3.2
2017-02-02,si,5.4
2017-02-02,ap,3
2017-02-02,mdp,5.2
2017-02-02,cp/ap,3.5
2017-02-02,lcp,NA
2017-02-03,pd,28.6
2017-02-03,i,NA
2017-02-03,fi,13.2
2017-02-03,ln,13.1
2017-02-03,fdl,4
2017-02-03,m5s,26.2
2017-02-03,leu,NA
2017-02-03,others,7.3
2017-02-03,si,4.3
2017-02-03,ap,3
2017-02-03,mdp,4.5
2017-02-03,cp/ap,2.8
2017-02-03,lcp,NA
2017-02-05,pd,30.5
2017-02-05,i,NA
2017-02-05,fi,12.1
2017-02-05,ln,13.5
2017-02-05,fdl,4
2017-02-05,m5s,28.1
2017-02-05,leu,NA
2017-02-05,others,4.5
2017-02-05,si,3.4
2017-02-05,ap,3
2017-02-05,mdp,4.6
2017-02-05,cp/ap,3.3
2017-02-05,lcp,NA
2017-02-06,pd,32
2017-02-06,i,NA
2017-02-06,fi,10.5
2017-02-06,ln,11.5
2017-02-06,fdl,4
2017-02-06,m5s,27
2017-02-06,leu,NA
2017-02-06,others,8.5
2017-02-06,si,3
2017-02-06,ap,3
2017-02-06,mdp,4.5
2017-02-06,cp/ap,3
2017-02-06,lcp,NA
2017-02-08,pd,29
2017-02-08,pd,30.9
2017-02-08,pd,31
2017-02-08,i,NA
2017-02-08,i,NA
2017-02-08,i,NA
2017-02-08,fi,11.9
2017-02-08,fi,12.5
2017-02-08,fi,13.4
2017-02-08,ln,12.8
2017-02-08,ln,13.3
2017-02-08,ln,14
2017-02-08,fdl,4
2017-02-08,fdl,4
2017-02-08,fdl,4
2017-02-08,m5s,26.7
2017-02-08,m5s,27.6
2017-02-08,m5s,29
2017-02-08,leu,NA
2017-02-08,leu,NA
2017-02-08,leu,NA
2017-02-08,others,4.7
2017-02-08,others,4.8
2017-02-08,others,5.1
2017-02-08,si,2.9
2017-02-08,si,3.4
2017-02-08,si,3.6
2017-02-08,ap,3
2017-02-08,ap,3
2017-02-08,ap,3
2017-02-08,mdp,4.1
2017-02-08,mdp,4.6
2017-02-08,mdp,4.7
2017-02-08,cp/ap,3.2
2017-02-08,cp/ap,3.3
2017-02-08,cp/ap,3.5
2017-02-08,lcp,NA
2017-02-08,lcp,NA
2017-02-08,lcp,NA
2017-02-12,pd,30.8
2017-02-12,i,NA
2017-02-12,fi,12.1
2017-02-12,ln,13.1
2017-02-12,fdl,4
2017-02-12,m5s,28.2
2017-02-12,leu,NA
2017-02-12,others,4.3
2017-02-12,si,3.8
2017-02-12,ap,3
2017-02-12,mdp,4.7
2017-02-12,cp/ap,3
2017-02-12,lcp,NA
2017-02-13,pd,32
2017-02-13,i,NA
2017-02-13,fi,11
2017-02-13,ln,11.5
2017-02-13,fdl,4
2017-02-13,m5s,27.5
2017-02-13,leu,NA
2017-02-13,others,7.5
2017-02-13,si,3
2017-02-13,ap,3
2017-02-13,mdp,4.5
2017-02-13,cp/ap,3
2017-02-13,lcp,NA
2017-02-15,pd,29.2
2017-02-15,pd,30.4
2017-02-15,pd,31
2017-02-15,i,NA
2017-02-15,i,NA
2017-02-15,i,NA
2017-02-15,fi,12
2017-02-15,fi,12.6
2017-02-15,fi,13.2
2017-02-15,ln,13
2017-02-15,ln,13.5
2017-02-15,ln,13.8
2017-02-15,fdl,4
2017-02-15,fdl,4
2017-02-15,fdl,4
2017-02-15,m5s,26.2
2017-02-15,m5s,27
2017-02-15,m5s,28.7
2017-02-15,leu,NA
2017-02-15,leu,NA
2017-02-15,leu,NA
2017-02-15,others,4.7
2017-02-15,others,5.6
2017-02-15,others,5.8
2017-02-15,si,2.6
2017-02-15,si,3.8
2017-02-15,si,3.9
2017-02-15,ap,3
2017-02-15,ap,3
2017-02-15,ap,3
2017-02-15,mdp,4.3
2017-02-15,mdp,4.8
2017-02-15,mdp,5
2017-02-15,cp/ap,2.5
2017-02-15,cp/ap,3
2017-02-15,cp/ap,3.4
2017-02-15,lcp,NA
2017-02-15,lcp,NA
2017-02-15,lcp,NA
2017-02-16,pd,30.1
2017-02-16,i,NA
2017-02-16,fi,13
2017-02-16,ln,12.8
2017-02-16,fdl,4
2017-02-16,m5s,30.9
2017-02-16,leu,NA
2017-02-16,others,3.6
2017-02-16,si,2
2017-02-16,ap,3
2017-02-16,mdp,4.3
2017-02-16,cp/ap,3.3
2017-02-16,lcp,NA
2017-02-17,pd,29.1
2017-02-17,i,NA
2017-02-17,fi,13.8
2017-02-17,ln,13.2
2017-02-17,fdl,4
2017-02-17,m5s,26.1
2017-02-17,leu,NA
2017-02-17,others,7.1
2017-02-17,si,3.7
2017-02-17,ap,3
2017-02-17,mdp,4.5
2017-02-17,cp/ap,2.5
2017-02-17,lcp,NA
2017-02-19,pd,29.8
2017-02-19,i,NA
2017-02-19,fi,12.1
2017-02-19,ln,13.2
2017-02-19,fdl,4
2017-02-19,m5s,28.7
2017-02-19,leu,NA
2017-02-19,others,4.9
2017-02-19,si,3.9
2017-02-19,ap,3
2017-02-19,mdp,4.5
2017-02-19,cp/ap,2.9
2017-02-19,lcp,NA
2017-02-20,pd,29
2017-02-20,pd,32
2017-02-20,i,NA
2017-02-20,i,NA
2017-02-20,fi,11
2017-02-20,fi,13
2017-02-20,ln,12
2017-02-20,ln,13
2017-02-20,fdl,4
2017-02-20,fdl,4
2017-02-20,m5s,27.5
2017-02-20,m5s,28
2017-02-20,leu,NA
2017-02-20,leu,NA
2017-02-20,others,4.5
2017-02-20,others,7
2017-02-20,si,3
2017-02-20,si,4
2017-02-20,ap,3
2017-02-20,ap,3
2017-02-20,mdp,4.5
2017-02-20,mdp,5
2017-02-20,cp/ap,3
2017-02-20,cp/ap,3.5
2017-02-20,lcp,NA
2017-02-20,lcp,NA
2017-02-21,pd,27.1
2017-02-21,pd,31.4
2017-02-21,i,NA
2017-02-21,i,NA
2017-02-21,fi,11.9
2017-02-21,fi,12.2
2017-02-21,ln,11.7
2017-02-21,ln,11.9
2017-02-21,fdl,4
2017-02-21,fdl,4.3
2017-02-21,m5s,26
2017-02-21,m5s,27.1
2017-02-21,leu,NA
2017-02-21,leu,NA
2017-02-21,others,3.1
2017-02-21,others,5.3
2017-02-21,si,3
2017-02-21,si,5.1
2017-02-21,ap,2.6
2017-02-21,ap,3
2017-02-21,mdp,5.5
2017-02-21,mdp,NA
2017-02-21,cp/ap,4.8
2017-02-21,cp/ap,NA
2017-02-21,lcp,NA
2017-02-21,lcp,NA
2017-02-22,pd,28
2017-02-22,pd,28.1
2017-02-22,pd,29
2017-02-22,i,NA
2017-02-22,i,NA
2017-02-22,i,NA
2017-02-22,fi,11
2017-02-22,fi,12.8
2017-02-22,fi,12.9
2017-02-22,ln,12.5
2017-02-22,ln,12.9
2017-02-22,ln,13
2017-02-22,fdl,4.5
2017-02-22,fdl,4.5
2017-02-22,fdl,5.2
2017-02-22,m5s,25.3
2017-02-22,m5s,27.8
2017-02-22,m5s,28
2017-02-22,leu,NA
2017-02-22,leu,NA
2017-02-22,leu,NA
2017-02-22,others,3.9
2017-02-22,others,4
2017-02-22,others,6
2017-02-22,si,1.5
2017-02-22,si,4.1
2017-02-22,si,NA
2017-02-22,ap,3
2017-02-22,ap,3.3
2017-02-22,ap,3.6
2017-02-22,mdp,3.2
2017-02-22,mdp,8
2017-02-22,mdp,NA
2017-02-22,cp/ap,3.9
2017-02-22,cp/ap,8
2017-02-22,cp/ap,NA
2017-02-22,lcp,NA
2017-02-22,lcp,NA
2017-02-22,lcp,NA
2017-02-23,pd,28.1
2017-02-23,pd,29
2017-02-23,i,NA
2017-02-23,i,NA
2017-02-23,fi,11.8
2017-02-23,fi,12
2017-02-23,ln,13.9
2017-02-23,ln,14.1
2017-02-23,fdl,4
2017-02-23,fdl,4.8
2017-02-23,m5s,29.2
2017-02-23,m5s,29.5
2017-02-23,leu,NA
2017-02-23,leu,NA
2017-02-23,others,4.8
2017-02-23,others,5.3
2017-02-23,si,3.2
2017-02-23,si,4.1
2017-02-23,ap,3.1
2017-02-23,ap,3.1
2017-02-23,mdp,NA
2017-02-23,mdp,NA
2017-02-23,cp/ap,NA
2017-02-23,cp/ap,NA
2017-02-23,lcp,NA
2017-02-23,lcp,NA
2017-02-24,pd,26.1
2017-02-24,i,NA
2017-02-24,fi,13.3
2017-02-24,ln,12.6
2017-02-24,fdl,5.1
2017-02-24,m5s,24.4
2017-02-24,leu,NA
2017-02-24,others,4.9
2017-02-24,si,1.5
2017-02-24,ap,2.5
2017-02-24,mdp,5.1
2017-02-24,cp/ap,4.5
2017-02-24,lcp,NA
2017-02-26,pd,28
2017-02-26,i,NA
2017-02-26,fi,12.2
2017-02-26,ln,13.3
2017-02-26,fdl,4.9
2017-02-26,m5s,28.4
2017-02-26,leu,NA
2017-02-26,others,4.3
2017-02-26,si,2.4
2017-02-26,ap,2.7
2017-02-26,mdp,3.8
2017-02-26,cp/ap,NA
2017-02-26,lcp,NA
2017-02-27,pd,29
2017-02-27,i,NA
2017-02-27,fi,11
2017-02-27,ln,12.5
2017-02-27,fdl,4.5
2017-02-27,m5s,28
2017-02-27,leu,NA
2017-02-27,others,5
2017-02-27,si,3
2017-02-27,ap,3
2017-02-27,mdp,4
2017-02-27,cp/ap,NA
2017-02-27,lcp,NA
2017-03-01,pd,26.9
2017-03-01,pd,29.2
2017-03-01,i,NA
2017-03-01,i,NA
2017-03-01,fi,12.2
2017-03-01,fi,12.7
2017-03-01,ln,12.8
2017-03-01,ln,13.1
2017-03-01,fdl,4.6
2017-03-01,fdl,5.2
2017-03-01,m5s,26
2017-03-01,m5s,27.1
2017-03-01,leu,NA
2017-03-01,leu,NA
2017-03-01,others,4.2
2017-03-01,others,6.4
2017-03-01,si,1.2
2017-03-01,si,3.4
2017-03-01,ap,2.6
2017-03-01,ap,3.2
2017-03-01,mdp,2.9
2017-03-01,mdp,4
2017-03-01,cp/ap,2.3
2017-03-01,cp/ap,NA
2017-03-01,lcp,NA
2017-03-01,lcp,NA
2017-03-02,pd,27
2017-03-02,pd,27.2
2017-03-02,i,NA
2017-03-02,i,NA
2017-03-02,fi,11.5
2017-03-02,fi,12
2017-03-02,ln,10.6
2017-03-02,ln,14
2017-03-02,fdl,5
2017-03-02,fdl,6.7
2017-03-02,m5s,28.8
2017-03-02,m5s,29
2017-03-02,leu,NA
2017-03-02,leu,NA
2017-03-02,others,2.3
2017-03-02,others,3.8
2017-03-02,si,3
2017-03-02,si,4.3
2017-03-02,ap,2.4
2017-03-02,ap,2.7
2017-03-02,mdp,3.5
2017-03-02,mdp,4.2
2017-03-02,cp/ap,2
2017-03-02,cp/ap,NA
2017-03-02,lcp,NA
2017-03-02,lcp,NA
2017-03-03,pd,25.9
2017-03-03,pd,25.9
2017-03-03,pd,25.9
2017-03-03,i,NA
2017-03-03,i,NA
2017-03-03,i,NA
2017-03-03,fi,13.3
2017-03-03,fi,13.3
2017-03-03,fi,13.3
2017-03-03,ln,12.2
2017-03-03,ln,12.2
2017-03-03,ln,12.2
2017-03-03,fdl,4.7
2017-03-03,fdl,4.7
2017-03-03,fdl,4.7
2017-03-03,m5s,25.2
2017-03-03,m5s,25.2
2017-03-03,m5s,25.2
2017-03-03,leu,NA
2017-03-03,leu,NA
2017-03-03,leu,NA
2017-03-03,others,4.8
2017-03-03,others,5
2017-03-03,others,5.6
2017-03-03,si,0.8
2017-03-03,si,1.3
2017-03-03,si,NA
2017-03-03,ap,2.7
2017-03-03,ap,2.7
2017-03-03,ap,2.7
2017-03-03,mdp,5.5
2017-03-03,mdp,10.2
2017-03-03,mdp,11.2
2017-03-03,cp/ap,3.6
2017-03-03,cp/ap,10.2
2017-03-03,cp/ap,11.2
2017-03-03,lcp,NA
2017-03-03,lcp,NA
2017-03-03,lcp,NA
2017-03-05,pd,27.6
2017-03-05,i,NA
2017-03-05,fi,11.8
2017-03-05,ln,13.3
2017-03-05,fdl,5.1
2017-03-05,m5s,29.1
2017-03-05,leu,NA
2017-03-05,others,4.9
2017-03-05,si,1.7
2017-03-05,ap,2.5
2017-03-05,mdp,4
2017-03-05,cp/ap,NA
2017-03-05,lcp,NA
2017-03-07,pd,23
2017-03-07,i,NA
2017-03-07,fi,12
2017-03-07,ln,13
2017-03-07,fdl,5
2017-03-07,m5s,30
2017-03-07,leu,NA
2017-03-07,others,3.5
2017-03-07,si,4
2017-03-07,ap,3.5
2017-03-07,mdp,6
2017-03-07,cp/ap,NA
2017-03-07,lcp,NA
2017-03-08,pd,27
2017-03-08,pd,28.2
2017-03-08,i,NA
2017-03-08,i,NA
2017-03-08,fi,12.3
2017-03-08,fi,12.3
2017-03-08,ln,12.6
2017-03-08,ln,12.7
2017-03-08,fdl,4.9
2017-03-08,fdl,5.2
2017-03-08,m5s,27.6
2017-03-08,m5s,27.6
2017-03-08,leu,NA
2017-03-08,leu,NA
2017-03-08,others,4
2017-03-08,others,5.6
2017-03-08,si,1.5
2017-03-08,si,3.5
2017-03-08,ap,2.6
2017-03-08,ap,3.4
2017-03-08,mdp,3.6
2017-03-08,mdp,3.6
2017-03-08,cp/ap,1.8
2017-03-08,cp/ap,NA
2017-03-08,lcp,NA
2017-03-08,lcp,NA
2017-03-09,pd,25.2
2017-03-09,pd,26
2017-03-09,pd,26.7
2017-03-09,i,NA
2017-03-09,i,NA
2017-03-09,i,NA
2017-03-09,fi,12
2017-03-09,fi,12
2017-03-09,fi,12.2
2017-03-09,ln,12
2017-03-09,ln,12.2
2017-03-09,ln,13.9
2017-03-09,fdl,4.5
2017-03-09,fdl,4.5
2017-03-09,fdl,5
2017-03-09,m5s,24.5
2017-03-09,m5s,26.1
2017-03-09,m5s,30
2017-03-09,leu,NA
2017-03-09,leu,NA
2017-03-09,leu,NA
2017-03-09,others,4
2017-03-09,others,4
2017-03-09,others,4.3
2017-03-09,si,2.5
2017-03-09,si,2.7
2017-03-09,si,NA
2017-03-09,ap,2.7
2017-03-09,ap,2.8
2017-03-09,ap,3
2017-03-09,mdp,4.5
2017-03-09,mdp,6
2017-03-09,mdp,14
2017-03-09,cp/ap,2.7
2017-03-09,cp/ap,14
2017-03-09,cp/ap,NA
2017-03-09,lcp,NA
2017-03-09,lcp,NA
2017-03-09,lcp,NA
2017-03-12,pd,23
2017-03-12,pd,25.5
2017-03-12,pd,27.1
2017-03-12,i,NA
2017-03-12,i,NA
2017-03-12,i,NA
2017-03-12,fi,12.2
2017-03-12,fi,13.5
2017-03-12,fi,14
2017-03-12,ln,12.9
2017-03-12,ln,13
2017-03-12,ln,13.7
2017-03-12,fdl,4.9
2017-03-12,fdl,5.5
2017-03-12,fdl,5.6
2017-03-12,m5s,26.4
2017-03-12,m5s,29
2017-03-12,m5s,30
2017-03-12,leu,NA
2017-03-12,leu,NA
2017-03-12,leu,NA
2017-03-12,others,3.7
2017-03-12,others,4
2017-03-12,others,4
2017-03-12,si,1.4
2017-03-12,si,2
2017-03-12,si,3.5
2017-03-12,ap,1.5
2017-03-12,ap,2
2017-03-12,ap,2.6
2017-03-12,mdp,3
2017-03-12,mdp,4.2
2017-03-12,mdp,6.5
2017-03-12,cp/ap,1
2017-03-12,cp/ap,2
2017-03-12,cp/ap,2.3
2017-03-12,lcp,NA
2017-03-12,lcp,NA
2017-03-12,lcp,NA
2017-03-13,pd,27
2017-03-13,i,NA
2017-03-13,fi,11.3
2017-03-13,ln,13.9
2017-03-13,fdl,4
2017-03-13,m5s,29.5
2017-03-13,leu,NA
2017-03-13,others,2.8
2017-03-13,si,2.7
2017-03-13,ap,2.8
2017-03-13,mdp,3.2
2017-03-13,cp/ap,2.8
2017-03-13,lcp,NA
2017-03-15,pd,26.5
2017-03-15,pd,28.1
2017-03-15,i,NA
2017-03-15,i,NA
2017-03-15,fi,12.4
2017-03-15,fi,13
2017-03-15,ln,12.4
2017-03-15,ln,12.7
2017-03-15,fdl,4.9
2017-03-15,fdl,5.2
2017-03-15,m5s,26.9
2017-03-15,m5s,27.5
2017-03-15,leu,NA
2017-03-15,leu,NA
2017-03-15,others,4.5
2017-03-15,others,6
2017-03-15,si,2.3
2017-03-15,si,2.9
2017-03-15,ap,2.6
2017-03-15,ap,3.3
2017-03-15,mdp,4.2
2017-03-15,mdp,4.7
2017-03-15,cp/ap,NA
2017-03-15,cp/ap,NA
2017-03-15,lcp,NA
2017-03-15,lcp,NA
2017-03-16,pd,25.4
2017-03-16,pd,26.8
2017-03-16,i,NA
2017-03-16,i,NA
2017-03-16,fi,12.4
2017-03-16,fi,12.7
2017-03-16,ln,12.8
2017-03-16,ln,12.9
2017-03-16,fdl,4.6
2017-03-16,fdl,5.2
2017-03-16,m5s,30.2
2017-03-16,m5s,32.3
2017-03-16,leu,NA
2017-03-16,leu,NA
2017-03-16,others,2
2017-03-16,others,3.7
2017-03-16,si,2.5
2017-03-16,si,2.7
2017-03-16,ap,2.5
2017-03-16,ap,2.8
2017-03-16,mdp,3.3
2017-03-16,mdp,4.2
2017-03-16,cp/ap,1
2017-03-16,cp/ap,NA
2017-03-16,lcp,NA
2017-03-16,lcp,NA
2017-03-17,pd,25.3
2017-03-17,i,NA
2017-03-17,fi,13.5
2017-03-17,ln,12
2017-03-17,fdl,5.4
2017-03-17,m5s,26.5
2017-03-17,leu,NA
2017-03-17,others,5.1
2017-03-17,si,1.1
2017-03-17,ap,2.8
2017-03-17,mdp,4.6
2017-03-17,cp/ap,3.7
2017-03-17,lcp,NA
2017-03-19,pd,26.8
2017-03-19,i,NA
2017-03-19,fi,12.4
2017-03-19,ln,12.2
2017-03-19,fdl,5
2017-03-19,m5s,29.9
2017-03-19,leu,NA
2017-03-19,others,3.9
2017-03-19,si,1.6
2017-03-19,ap,2.9
2017-03-19,mdp,4.3
2017-03-19,cp/ap,1
2017-03-19,lcp,NA
2017-03-20,pd,24
2017-03-20,pd,29
2017-03-20,i,NA
2017-03-20,i,NA
2017-03-20,fi,11.5
2017-03-20,fi,12
2017-03-20,ln,12.5
2017-03-20,ln,13
2017-03-20,fdl,4.5
2017-03-20,fdl,5
2017-03-20,m5s,28.5
2017-03-20,m5s,31
2017-03-20,leu,NA
2017-03-20,leu,NA
2017-03-20,others,2.5
2017-03-20,others,5
2017-03-20,si,2.5
2017-03-20,si,3
2017-03-20,ap,3
2017-03-20,ap,4.5
2017-03-20,mdp,3.5
2017-03-20,mdp,5
2017-03-20,cp/ap,NA
2017-03-20,cp/ap,NA
2017-03-20,lcp,NA
2017-03-20,lcp,NA
2017-03-22,pd,26
2017-03-22,pd,26.4
2017-03-22,pd,28.1
2017-03-22,i,NA
2017-03-22,i,NA
2017-03-22,i,NA
2017-03-22,fi,12
2017-03-22,fi,12.2
2017-03-22,fi,12.8
2017-03-22,ln,12
2017-03-22,ln,12.2
2017-03-22,ln,12.8
2017-03-22,fdl,4.9
2017-03-22,fdl,5
2017-03-22,fdl,5.1
2017-03-22,m5s,27.8
2017-03-22,m5s,27.9
2017-03-22,m5s,30
2017-03-22,leu,NA
2017-03-22,leu,NA
2017-03-22,leu,NA
2017-03-22,others,2.5
2017-03-22,others,4.1
2017-03-22,others,6.4
2017-03-22,si,2.2
2017-03-22,si,2.5
2017-03-22,si,2.6
2017-03-22,ap,2.5
2017-03-22,ap,3.2
2017-03-22,ap,3.5
2017-03-22,mdp,4.3
2017-03-22,mdp,4.6
2017-03-22,mdp,5
2017-03-22,cp/ap,1.4
2017-03-22,cp/ap,NA
2017-03-22,cp/ap,NA
2017-03-22,lcp,NA
2017-03-22,lcp,NA
2017-03-22,lcp,NA
2017-03-23,pd,25.3
2017-03-23,i,NA
2017-03-23,fi,12.7
2017-03-23,ln,12.5
2017-03-23,fdl,5
2017-03-23,m5s,30.8
2017-03-23,leu,NA
2017-03-23,others,3.6
2017-03-23,si,2.5
2017-03-23,ap,2.6
2017-03-23,mdp,4
2017-03-23,cp/ap,1
2017-03-23,lcp,NA
2017-03-24,pd,25.7
2017-03-24,i,NA
2017-03-24,fi,13
2017-03-24,ln,11.5
2017-03-24,fdl,5.2
2017-03-24,m5s,27.4
2017-03-24,leu,NA
2017-03-24,others,5.4
2017-03-24,si,1.2
2017-03-24,ap,3.1
2017-03-24,mdp,4.3
2017-03-24,cp/ap,3.2
2017-03-24,lcp,NA
2017-03-25,pd,25.9
2017-03-25,i,NA
2017-03-25,fi,14
2017-03-25,ln,13.8
2017-03-25,fdl,5.3
2017-03-25,m5s,26.7
2017-03-25,leu,NA
2017-03-25,others,4.1
2017-03-25,si,3.1
2017-03-25,ap,1.8
2017-03-25,mdp,3.3
2017-03-25,cp/ap,2
2017-03-25,lcp,NA
2017-03-26,pd,26.9
2017-03-26,i,NA
2017-03-26,fi,11.9
2017-03-26,ln,11.9
2017-03-26,fdl,4.9
2017-03-26,m5s,30.3
2017-03-26,leu,NA
2017-03-26,others,4
2017-03-26,si,1.7
2017-03-26,ap,3.4
2017-03-26,mdp,4
2017-03-26,cp/ap,1
2017-03-26,lcp,NA
2017-03-27,pd,29
2017-03-27,i,NA
2017-03-27,fi,11.5
2017-03-27,ln,12.5
2017-03-27,fdl,4.5
2017-03-27,m5s,29
2017-03-27,leu,NA
2017-03-27,others,4.5
2017-03-27,si,2.5
2017-03-27,ap,3
2017-03-27,mdp,3.5
2017-03-27,cp/ap,NA
2017-03-27,lcp,NA
2017-03-28,pd,24
2017-03-28,i,NA
2017-03-28,fi,12
2017-03-28,ln,12
2017-03-28,fdl,5
2017-03-28,m5s,31
2017-03-28,leu,NA
2017-03-28,others,3.5
2017-03-28,si,2.5
2017-03-28,ap,4
2017-03-28,mdp,6
2017-03-28,cp/ap,NA
2017-03-28,lcp,NA
2017-03-29,pd,26.5
2017-03-29,pd,27.8
2017-03-29,i,NA
2017-03-29,i,NA
2017-03-29,fi,11.7
2017-03-29,fi,12.8
2017-03-29,ln,12.3
2017-03-29,ln,12.4
2017-03-29,fdl,4.7
2017-03-29,fdl,5.2
2017-03-29,m5s,28.3
2017-03-29,m5s,28.4
2017-03-29,leu,NA
2017-03-29,leu,NA
2017-03-29,others,4.1
2017-03-29,others,5.1
2017-03-29,si,2.4
2017-03-29,si,2.6
2017-03-29,ap,3.1
2017-03-29,ap,3.3
2017-03-29,mdp,4.6
2017-03-29,mdp,4.7
2017-03-29,cp/ap,NA
2017-03-29,cp/ap,NA
2017-03-29,lcp,NA
2017-03-29,lcp,NA
2017-03-30,pd,25.4
2017-03-30,i,NA
2017-03-30,fi,12.5
2017-03-30,ln,12.3
2017-03-30,fdl,5
2017-03-30,m5s,31
2017-03-30,leu,NA
2017-03-30,others,3.7
2017-03-30,si,2.4
2017-03-30,ap,2.7
2017-03-30,mdp,4.1
2017-03-30,cp/ap,0.9
2017-03-30,lcp,NA
2017-03-31,pd,26.1
2017-03-31,i,NA
2017-03-31,fi,13.2
2017-03-31,ln,11.2
2017-03-31,fdl,5
2017-03-31,m5s,27.5
2017-03-31,leu,NA
2017-03-31,others,5.3
2017-03-31,si,1.3
2017-03-31,ap,3.3
2017-03-31,mdp,4.3
2017-03-31,cp/ap,2.8
2017-03-31,lcp,NA
2017-04-02,pd,26.5
2017-04-02,pd,27
2017-04-02,i,NA
2017-04-02,i,NA
2017-04-02,fi,12
2017-04-02,fi,12.3
2017-04-02,ln,12.3
2017-04-02,ln,12.7
2017-04-02,fdl,4.7
2017-04-02,fdl,5
2017-04-02,m5s,30.2
2017-04-02,m5s,30.6
2017-04-02,leu,NA
2017-04-02,leu,NA
2017-04-02,others,2
2017-04-02,others,4.1
2017-04-02,si,1.7
2017-04-02,si,2.5
2017-04-02,ap,3.1
2017-04-02,ap,3.1
2017-04-02,mdp,3.6
2017-04-02,mdp,4.5
2017-04-02,cp/ap,0.9
2017-04-02,cp/ap,1.2
2017-04-02,lcp,NA
2017-04-02,lcp,NA
2017-04-03,pd,27
2017-04-03,pd,27.4
2017-04-03,i,NA
2017-04-03,i,NA
2017-04-03,fi,11.7
2017-04-03,fi,12.6
2017-04-03,ln,11.7
2017-04-03,ln,14
2017-04-03,fdl,3.4
2017-04-03,fdl,4
2017-04-03,m5s,27.3
2017-04-03,m5s,29.2
2017-04-03,leu,NA
2017-04-03,leu,NA
2017-04-03,others,2.3
2017-04-03,others,5
2017-04-03,si,2.8
2017-04-03,si,3.1
2017-04-03,ap,3
2017-04-03,ap,3.1
2017-04-03,mdp,2.6
2017-04-03,mdp,5.5
2017-04-03,cp/ap,2
2017-04-03,cp/ap,2.3
2017-04-03,lcp,NA
2017-04-03,lcp,NA
2017-04-05,pd,26.4
2017-04-05,pd,28.5
2017-04-05,i,NA
2017-04-05,i,NA
2017-04-05,fi,12.3
2017-04-05,fi,13.1
2017-04-05,ln,12.1
2017-04-05,ln,12.6
2017-04-05,fdl,4.5
2017-04-05,fdl,4.8
2017-04-05,m5s,27.9
2017-04-05,m5s,28.5
2017-04-05,leu,NA
2017-04-05,leu,NA
2017-04-05,others,4.3
2017-04-05,others,5.3
2017-04-05,si,2.4
2017-04-05,si,2.5
2017-04-05,ap,2.8
2017-04-05,ap,3.4
2017-04-05,mdp,4.2
2017-04-05,mdp,4.4
2017-04-05,cp/ap,NA
2017-04-05,cp/ap,NA
2017-04-05,lcp,NA
2017-04-05,lcp,NA
2017-04-06,pd,25.5
2017-04-06,i,NA
2017-04-06,fi,12.6
2017-04-06,ln,12.4
2017-04-06,fdl,4.9
2017-04-06,m5s,31.1
2017-04-06,leu,NA
2017-04-06,others,3.6
2017-04-06,si,2.5
2017-04-06,ap,2.7
2017-04-06,mdp,3.9
2017-04-06,cp/ap,0.8
2017-04-06,lcp,NA
2017-04-07,pd,26.8
2017-04-07,pd,27.4
2017-04-07,i,NA
2017-04-07,i,NA
2017-04-07,fi,12.4
2017-04-07,fi,12.6
2017-04-07,ln,11.3
2017-04-07,ln,14
2017-04-07,fdl,3.4
2017-04-07,fdl,5.2
2017-04-07,m5s,27.3
2017-04-07,m5s,29.2
2017-04-07,leu,NA
2017-04-07,leu,NA
2017-04-07,others,2.3
2017-04-07,others,5.6
2017-04-07,si,1.4
2017-04-07,si,3.1
2017-04-07,ap,3.1
2017-04-07,ap,3.5
2017-04-07,mdp,2.6
2017-04-07,mdp,4
2017-04-07,cp/ap,2.3
2017-04-07,cp/ap,2.5
2017-04-07,lcp,NA
2017-04-07,lcp,NA
2017-04-09,pd,26.6
2017-04-09,pd,27
2017-04-09,i,NA
2017-04-09,i,NA
2017-04-09,fi,12.4
2017-04-09,fi,12.5
2017-04-09,ln,12.7
2017-04-09,ln,12.7
2017-04-09,fdl,4.9
2017-04-09,fdl,4.9
2017-04-09,m5s,30.2
2017-04-09,m5s,30.5
2017-04-09,leu,NA
2017-04-09,leu,NA
2017-04-09,others,2.8
2017-04-09,others,4.6
2017-04-09,si,1.7
2017-04-09,si,2.4
2017-04-09,ap,2.9
2017-04-09,ap,3.2
2017-04-09,mdp,3.7
2017-04-09,mdp,4.3
2017-04-09,cp/ap,NA
2017-04-09,cp/ap,NA
2017-04-09,lcp,NA
2017-04-09,lcp,NA
2017-04-11,pd,25
2017-04-11,pd,26.2
2017-04-11,i,NA
2017-04-11,i,NA
2017-04-11,fi,13
2017-04-11,fi,14
2017-04-11,ln,12.5
2017-04-11,ln,13.5
2017-04-11,fdl,4.7
2017-04-11,fdl,5
2017-04-11,m5s,28
2017-04-11,m5s,31.5
2017-04-11,leu,NA
2017-04-11,leu,NA
2017-04-11,others,3
2017-04-11,others,4.5
2017-04-11,si,1.5
2017-04-11,si,2.8
2017-04-11,ap,1.5
2017-04-11,ap,2.5
2017-04-11,mdp,3
2017-04-11,mdp,4.5
2017-04-11,cp/ap,1.5
2017-04-11,cp/ap,1.8
2017-04-11,lcp,NA
2017-04-11,lcp,NA
2017-04-12,pd,25.3
2017-04-12,pd,26.6
2017-04-12,pd,28.1
2017-04-12,i,NA
2017-04-12,i,NA
2017-04-12,i,NA
2017-04-12,fi,11.9
2017-04-12,fi,12.8
2017-04-12,fi,12.9
2017-04-12,ln,12.7
2017-04-12,ln,12.7
2017-04-12,ln,12.9
2017-04-12,fdl,4.6
2017-04-12,fdl,4.6
2017-04-12,fdl,5
2017-04-12,m5s,28
2017-04-12,m5s,28.7
2017-04-12,m5s,30.9
2017-04-12,leu,NA
2017-04-12,leu,NA
2017-04-12,leu,NA
2017-04-12,others,4.2
2017-04-12,others,4.3
2017-04-12,others,4.6
2017-04-12,si,2.5
2017-04-12,si,2.6
2017-04-12,si,2.8
2017-04-12,ap,2.7
2017-04-12,ap,3
2017-04-12,ap,3.5
2017-04-12,mdp,3.9
2017-04-12,mdp,3.9
2017-04-12,mdp,4.3
2017-04-12,cp/ap,NA
2017-04-12,cp/ap,NA
2017-04-12,cp/ap,NA
2017-04-12,lcp,NA
2017-04-12,lcp,NA
2017-04-12,lcp,NA
2017-04-13,pd,27.6
2017-04-13,i,NA
2017-04-13,fi,13.1
2017-04-13,ln,12.9
2017-04-13,fdl,5.2
2017-04-13,m5s,30.7
2017-04-13,leu,NA
2017-04-13,others,2.1
2017-04-13,si,2.4
2017-04-13,ap,3.4
2017-04-13,mdp,2.6
2017-04-13,cp/ap,NA
2017-04-13,lcp,NA
2017-04-14,pd,27.4
2017-04-14,i,NA
2017-04-14,fi,12.8
2017-04-14,ln,11.5
2017-04-14,fdl,5.3
2017-04-14,m5s,27
2017-04-14,leu,NA
2017-04-14,others,5.3
2017-04-14,si,1.5
2017-04-14,ap,3.2
2017-04-14,mdp,3.7
2017-04-14,cp/ap,2.3
2017-04-14,lcp,NA
2017-04-16,pd,26.8
2017-04-16,i,NA
2017-04-16,fi,12.9
2017-04-16,ln,12.3
2017-04-16,fdl,4.8
2017-04-16,m5s,30
2017-04-16,leu,NA
2017-04-16,others,4.8
2017-04-16,si,1.8
2017-04-16,ap,2.7
2017-04-16,mdp,3.9
2017-04-16,cp/ap,NA
2017-04-16,lcp,NA
2017-04-18,pd,24
2017-04-18,i,NA
2017-04-18,fi,13
2017-04-18,ln,13
2017-04-18,fdl,4.5
2017-04-18,m5s,32
2017-04-18,leu,NA
2017-04-18,others,3
2017-04-18,si,2
2017-04-18,ap,3.5
2017-04-18,mdp,5
2017-04-18,cp/ap,NA
2017-04-18,lcp,NA
2017-04-19,pd,26.9
2017-04-19,pd,28.8
2017-04-19,i,NA
2017-04-19,i,NA
2017-04-19,fi,11.1
2017-04-19,fi,12.8
2017-04-19,ln,12.9
2017-04-19,ln,13.2
2017-04-19,fdl,4.5
2017-04-19,fdl,4.8
2017-04-19,m5s,27.5
2017-04-19,m5s,28.5
2017-04-19,leu,NA
2017-04-19,leu,NA
2017-04-19,others,4.1
2017-04-19,others,4.5
2017-04-19,si,2.5
2017-04-19,si,2.9
2017-04-19,ap,3.1
2017-04-19,ap,3.5
2017-04-19,mdp,3.4
2017-04-19,mdp,4
2017-04-19,cp/ap,NA
2017-04-19,cp/ap,NA
2017-04-19,lcp,NA
2017-04-19,lcp,NA
2017-04-20,pd,25.5
2017-04-20,i,NA
2017-04-20,fi,13
2017-04-20,ln,12.4
2017-04-20,fdl,5
2017-04-20,m5s,30.6
2017-04-20,leu,NA
2017-04-20,others,4.4
2017-04-20,si,2.5
2017-04-20,ap,2.6
2017-04-20,mdp,4
2017-04-20,cp/ap,NA
2017-04-20,lcp,NA
2017-04-21,pd,27.9
2017-04-21,i,NA
2017-04-21,fi,13
2017-04-21,ln,11.9
2017-04-21,fdl,5.1
2017-04-21,m5s,27.2
2017-04-21,leu,NA
2017-04-21,others,5.1
2017-04-21,si,1.3
2017-04-21,ap,3
2017-04-21,mdp,3.4
2017-04-21,cp/ap,2.1
2017-04-21,lcp,NA
2017-04-23,pd,26.8
2017-04-23,i,NA
2017-04-23,fi,13.2
2017-04-23,ln,12.4
2017-04-23,fdl,4.8
2017-04-23,m5s,29.4
2017-04-23,leu,NA
2017-04-23,others,4.5
2017-04-23,si,1.9
2017-04-23,ap,3
2017-04-23,mdp,4
2017-04-23,cp/ap,NA
2017-04-23,lcp,NA
2017-04-26,pd,26.8
2017-04-26,pd,27.3
2017-04-26,pd,29.2
2017-04-26,i,NA
2017-04-26,i,NA
2017-04-26,i,NA
2017-04-26,fi,11.5
2017-04-26,fi,12.6
2017-04-26,fi,13.2
2017-04-26,ln,12.9
2017-04-26,ln,13.5
2017-04-26,ln,14.8
2017-04-26,fdl,3.7
2017-04-26,fdl,4.6
2017-04-26,fdl,4.6
2017-04-26,m5s,27.3
2017-04-26,m5s,28.4
2017-04-26,m5s,29.5
2017-04-26,leu,NA
2017-04-26,leu,NA
2017-04-26,leu,NA
2017-04-26,others,2
2017-04-26,others,3.9
2017-04-26,others,4.8
2017-04-26,si,2.1
2017-04-26,si,2.4
2017-04-26,si,2.6
2017-04-26,ap,3
2017-04-26,ap,3.1
2017-04-26,ap,3.2
2017-04-26,mdp,3.1
2017-04-26,mdp,3.7
2017-04-26,mdp,3.7
2017-04-26,cp/ap,1.8
2017-04-26,cp/ap,NA
2017-04-26,cp/ap,NA
2017-04-26,lcp,NA
2017-04-26,lcp,NA
2017-04-26,lcp,NA
2017-04-27,pd,25.6
2017-04-27,pd,27.2
2017-04-27,pd,27.5
2017-04-27,i,NA
2017-04-27,i,NA
2017-04-27,i,NA
2017-04-27,fi,11.9
2017-04-27,fi,12.7
2017-04-27,fi,13.2
2017-04-27,ln,11.7
2017-04-27,ln,12.4
2017-04-27,ln,12.8
2017-04-27,fdl,3.8
2017-04-27,fdl,4.9
2017-04-27,fdl,4.9
2017-04-27,m5s,26.8
2017-04-27,m5s,30
2017-04-27,m5s,30.2
2017-04-27,leu,NA
2017-04-27,leu,NA
2017-04-27,leu,NA
2017-04-27,others,2.7
2017-04-27,others,4.7
2017-04-27,others,5.4
2017-04-27,si,2.4
2017-04-27,si,2.5
2017-04-27,si,3.1
2017-04-27,ap,2.6
2017-04-27,ap,3
2017-04-27,ap,3.1
2017-04-27,mdp,4
2017-04-27,mdp,4.2
2017-04-27,mdp,5.1
2017-04-27,cp/ap,1.6
2017-04-27,cp/ap,NA
2017-04-27,cp/ap,NA
2017-04-27,lcp,NA
2017-04-27,lcp,NA
2017-04-27,lcp,NA
2017-04-30,pd,27.4
2017-04-30,i,NA
2017-04-30,fi,12.7
2017-04-30,ln,12.5
2017-04-30,fdl,4.9
2017-04-30,m5s,28.6
2017-04-30,leu,NA
2017-04-30,others,4.7
2017-04-30,si,2
2017-04-30,ap,3.2
2017-04-30,mdp,4
2017-04-30,cp/ap,NA
2017-04-30,lcp,NA
2017-05-03,pd,26.8
2017-05-03,pd,27.9
2017-05-03,pd,29.5
2017-05-03,i,NA
2017-05-03,i,NA
2017-05-03,i,NA
2017-05-03,fi,12.3
2017-05-03,fi,12.4
2017-05-03,fi,13.1
2017-05-03,ln,12.2
2017-05-03,ln,12.8
2017-05-03,ln,12.8
2017-05-03,fdl,4.5
2017-05-03,fdl,4.9
2017-05-03,fdl,5.1
2017-05-03,m5s,26.7
2017-05-03,m5s,28.2
2017-05-03,m5s,29.4
2017-05-03,leu,NA
2017-05-03,leu,NA
2017-05-03,leu,NA
2017-05-03,others,4
2017-05-03,others,4.9
2017-05-03,others,5
2017-05-03,si,2.3
2017-05-03,si,2.4
2017-05-03,si,2.5
2017-05-03,ap,2.5
2017-05-03,ap,3
2017-05-03,ap,3.2
2017-05-03,mdp,3.6
2017-05-03,mdp,3.8
2017-05-03,mdp,4.2
2017-05-03,cp/ap,NA
2017-05-03,cp/ap,NA
2017-05-03,cp/ap,NA
2017-05-03,lcp,NA
2017-05-03,lcp,NA
2017-05-03,lcp,NA
2017-05-04,pd,30.4
2017-05-04,i,NA
2017-05-04,fi,13.1
2017-05-04,ln,12.3
2017-05-04,fdl,4.8
2017-05-04,m5s,30.2
2017-05-04,leu,NA
2017-05-04,others,1.7
2017-05-04,si,2.1
2017-05-04,ap,3
2017-05-04,mdp,2.4
2017-05-04,cp/ap,NA
2017-05-04,lcp,NA
2017-05-05,pd,28.2
2017-05-05,i,NA
2017-05-05,fi,12.3
2017-05-05,ln,11.9
2017-05-05,fdl,4.7
2017-05-05,m5s,26.8
2017-05-05,leu,NA
2017-05-05,others,5.7
2017-05-05,si,1.2
2017-05-05,ap,3.5
2017-05-05,mdp,3.5
2017-05-05,cp/ap,2.2
2017-05-05,lcp,NA
2017-05-06,pd,28.5
2017-05-06,i,NA
2017-05-06,fi,13
2017-05-06,ln,12.4
2017-05-06,fdl,4.6
2017-05-06,m5s,29
2017-05-06,leu,NA
2017-05-06,others,4.2
2017-05-06,si,2
2017-05-06,ap,2.8
2017-05-06,mdp,3.5
2017-05-06,cp/ap,NA
2017-05-06,lcp,NA
2017-05-08,pd,27
2017-05-08,pd,27.4
2017-05-08,i,NA
2017-05-08,i,NA
2017-05-08,fi,12.5
2017-05-08,fi,13.9
2017-05-08,ln,12
2017-05-08,ln,13.5
2017-05-08,fdl,4.5
2017-05-08,fdl,4.8
2017-05-08,m5s,29.3
2017-05-08,m5s,32
2017-05-08,leu,NA
2017-05-08,leu,NA
2017-05-08,others,1.9
2017-05-08,others,3
2017-05-08,si,2.3
2017-05-08,si,2.5
2017-05-08,ap,2.5
2017-05-08,ap,3
2017-05-08,mdp,2.4
2017-05-08,mdp,3.5
2017-05-08,cp/ap,0.5
2017-05-08,cp/ap,1.5
2017-05-08,lcp,NA
2017-05-08,lcp,NA
2017-05-10,pd,28.4
2017-05-10,pd,30.5
2017-05-10,i,NA
2017-05-10,i,NA
2017-05-10,fi,11.5
2017-05-10,fi,12.8
2017-05-10,ln,12.6
2017-05-10,ln,13
2017-05-10,fdl,4.4
2017-05-10,fdl,5
2017-05-10,m5s,27.5
2017-05-10,m5s,28.1
2017-05-10,leu,NA
2017-05-10,leu,NA
2017-05-10,others,3.5
2017-05-10,others,5.2
2017-05-10,si,2.4
2017-05-10,si,2.5
2017-05-10,ap,2.8
2017-05-10,ap,3.1
2017-05-10,mdp,3
2017-05-10,mdp,3.7
2017-05-10,cp/ap,NA
2017-05-10,cp/ap,NA
2017-05-10,lcp,NA
2017-05-10,lcp,NA
2017-05-11,pd,27.1
2017-05-11,pd,28.5
2017-05-11,i,NA
2017-05-11,i,NA
2017-05-11,fi,13.2
2017-05-11,fi,13.3
2017-05-11,ln,12.2
2017-05-11,ln,12.9
2017-05-11,fdl,4
2017-05-11,fdl,4.8
2017-05-11,m5s,27.5
2017-05-11,m5s,29.5
2017-05-11,leu,NA
2017-05-11,leu,NA
2017-05-11,others,3.2
2017-05-11,others,5.2
2017-05-11,si,2.1
2017-05-11,si,2.8
2017-05-11,ap,2
2017-05-11,ap,2.3
2017-05-11,mdp,3.6
2017-05-11,mdp,3.8
2017-05-11,cp/ap,2
2017-05-11,cp/ap,NA
2017-05-11,lcp,NA
2017-05-11,lcp,NA
2017-05-13,pd,28.1
2017-05-13,i,NA
2017-05-13,fi,13.3
2017-05-13,ln,12.9
2017-05-13,fdl,4.3
2017-05-13,m5s,29.6
2017-05-13,leu,NA
2017-05-13,others,4.1
2017-05-13,si,2
2017-05-13,ap,2.6
2017-05-13,mdp,3.1
2017-05-13,cp/ap,NA
2017-05-13,lcp,NA
2017-05-17,pd,28.6
2017-05-17,pd,29.7
2017-05-17,i,NA
2017-05-17,i,NA
2017-05-17,fi,11.7
2017-05-17,fi,12.9
2017-05-17,ln,12.4
2017-05-17,ln,13.6
2017-05-17,fdl,4.5
2017-05-17,fdl,4.6
2017-05-17,m5s,27.6
2017-05-17,m5s,28.5
2017-05-17,leu,NA
2017-05-17,leu,NA
2017-05-17,others,3.4
2017-05-17,others,5
2017-05-17,si,2.4
2017-05-17,si,2.7
2017-05-17,ap,2.8
2017-05-17,ap,3.1
2017-05-17,mdp,2.8
2017-05-17,mdp,3.7
2017-05-17,cp/ap,NA
2017-05-17,cp/ap,NA
2017-05-17,lcp,NA
2017-05-17,lcp,NA
2017-05-18,pd,26.8
2017-05-18,i,NA
2017-05-18,fi,13.5
2017-05-18,ln,12.5
2017-05-18,fdl,4.8
2017-05-18,m5s,29.3
2017-05-18,leu,NA
2017-05-18,others,5.3
2017-05-18,si,2.2
2017-05-18,ap,2.2
2017-05-18,mdp,3.4
2017-05-18,cp/ap,NA
2017-05-18,lcp,NA
2017-05-19,pd,28.1
2017-05-19,pd,28.2
2017-05-19,i,NA
2017-05-19,i,NA
2017-05-19,fi,12.5
2017-05-19,fi,13.7
2017-05-19,ln,11.5
2017-05-19,ln,14.3
2017-05-19,fdl,3
2017-05-19,fdl,4.3
2017-05-19,m5s,27.6
2017-05-19,m5s,29.2
2017-05-19,leu,NA
2017-05-19,leu,NA
2017-05-19,others,2.5
2017-05-19,others,5.7
2017-05-19,si,1.5
2017-05-19,si,2.5
2017-05-19,ap,2.8
2017-05-19,ap,3.5
2017-05-19,mdp,2.3
2017-05-19,mdp,3.3
2017-05-19,cp/ap,1.5
2017-05-19,cp/ap,2
2017-05-19,lcp,NA
2017-05-19,lcp,NA
2017-05-20,pd,27.7
2017-05-20,i,NA
2017-05-20,fi,13.3
2017-05-20,ln,12.7
2017-05-20,fdl,4.5
2017-05-20,m5s,30
2017-05-20,leu,NA
2017-05-20,others,4.2
2017-05-20,si,2.1
2017-05-20,ap,2.5
2017-05-20,mdp,3
2017-05-20,cp/ap,NA
2017-05-20,lcp,NA
2017-05-22,pd,29.5
2017-05-22,pd,30.9
2017-05-22,i,NA
2017-05-22,i,NA
2017-05-22,fi,11.5
2017-05-22,fi,12.5
2017-05-22,ln,12.5
2017-05-22,ln,12.7
2017-05-22,fdl,4
2017-05-22,fdl,5
2017-05-22,m5s,28.5
2017-05-22,m5s,29.8
2017-05-22,leu,NA
2017-05-22,leu,NA
2017-05-22,others,2.1
2017-05-22,others,5.5
2017-05-22,si,2.4
2017-05-22,si,2.5
2017-05-22,ap,2.3
2017-05-22,ap,3
2017-05-22,mdp,2.3
2017-05-22,mdp,3
2017-05-22,cp/ap,NA
2017-05-22,cp/ap,NA
2017-05-22,lcp,NA
2017-05-22,lcp,NA
2017-05-24,pd,29
2017-05-24,pd,29.3
2017-05-24,i,NA
2017-05-24,i,NA
2017-05-24,fi,11.8
2017-05-24,fi,13
2017-05-24,ln,12.6
2017-05-24,ln,14.5
2017-05-24,fdl,4.3
2017-05-24,fdl,4.9
2017-05-24,m5s,26.7
2017-05-24,m5s,28
2017-05-24,leu,NA
2017-05-24,leu,NA
2017-05-24,others,3.3
2017-05-24,others,5.1
2017-05-24,si,2.4
2017-05-24,si,2.5
2017-05-24,ap,2.6
2017-05-24,ap,3.3
2017-05-24,mdp,2.7
2017-05-24,mdp,4
2017-05-24,cp/ap,NA
2017-05-24,cp/ap,NA
2017-05-24,lcp,NA
2017-05-24,lcp,NA
2017-05-25,pd,26.6
2017-05-25,i,NA
2017-05-25,fi,13.5
2017-05-25,ln,12.7
2017-05-25,fdl,4.9
2017-05-25,m5s,29.2
2017-05-25,leu,NA
2017-05-25,others,5.1
2017-05-25,si,2.3
2017-05-25,ap,2.1
2017-05-25,mdp,3.5
2017-05-25,cp/ap,NA
2017-05-25,lcp,NA
2017-05-26,pd,27.9
2017-05-26,i,NA
2017-05-26,fi,12.3
2017-05-26,ln,11.2
2017-05-26,fdl,4.5
2017-05-26,m5s,28.1
2017-05-26,leu,NA
2017-05-26,others,6.4
2017-05-26,si,1.7
2017-05-26,ap,3.2
2017-05-26,mdp,2.8
2017-05-26,cp/ap,1.9
2017-05-26,lcp,NA
2017-05-27,pd,27.5
2017-05-27,pd,28.8
2017-05-27,i,NA
2017-05-27,i,NA
2017-05-27,fi,12.2
2017-05-27,fi,13
2017-05-27,ln,12
2017-05-27,ln,12.9
2017-05-27,fdl,3.6
2017-05-27,fdl,4.6
2017-05-27,m5s,26.5
2017-05-27,m5s,29.9
2017-05-27,leu,NA
2017-05-27,leu,NA
2017-05-27,others,4
2017-05-27,others,5.2
2017-05-27,si,2.2
2017-05-27,si,2.8
2017-05-27,ap,2.7
2017-05-27,ap,3.1
2017-05-27,mdp,3.2
2017-05-27,mdp,4.4
2017-05-27,cp/ap,1.4
2017-05-27,cp/ap,NA
2017-05-27,lcp,NA
2017-05-27,lcp,NA
2017-05-28,pd,30.4
2017-05-28,i,NA
2017-05-28,fi,13.2
2017-05-28,ln,12.8
2017-05-28,fdl,4.6
2017-05-28,m5s,30.5
2017-05-28,leu,NA
2017-05-28,others,1.4
2017-05-28,si,2.2
2017-05-28,ap,2.1
2017-05-28,mdp,2.8
2017-05-28,cp/ap,NA
2017-05-28,lcp,NA
2017-05-29,pd,29
2017-05-29,i,NA
2017-05-29,fi,13.2
2017-05-29,ln,12.7
2017-05-29,fdl,4.4
2017-05-29,m5s,27.6
2017-05-29,leu,NA
2017-05-29,others,5
2017-05-29,si,2.5
2017-05-29,ap,2.5
2017-05-29,mdp,3.1
2017-05-29,cp/ap,NA
2017-05-29,lcp,NA
2017-05-31,pd,29.5
2017-05-31,i,NA
2017-05-31,fi,11.8
2017-05-31,ln,13.6
2017-05-31,fdl,5
2017-05-31,m5s,27.8
2017-05-31,leu,NA
2017-05-31,others,3.2
2017-05-31,si,2.6
2017-05-31,ap,3
2017-05-31,mdp,3.5
2017-05-31,cp/ap,NA
2017-05-31,lcp,NA
2017-06-01,pd,26.1
2017-06-01,i,NA
2017-06-01,fi,13.2
2017-06-01,ln,12.9
2017-06-01,fdl,4.9
2017-06-01,m5s,30.1
2017-06-01,leu,NA
2017-06-01,others,5
2017-06-01,si,2.2
2017-06-01,ap,2
2017-06-01,mdp,3.6
2017-06-01,cp/ap,NA
2017-06-01,lcp,NA
2017-06-03,pd,27.6
2017-06-03,i,NA
2017-06-03,fi,13.1
2017-06-03,ln,13.1
2017-06-03,fdl,4.6
2017-06-03,m5s,29.8
2017-06-03,leu,NA
2017-06-03,others,4
2017-06-03,si,2.2
2017-06-03,ap,2.7
2017-06-03,mdp,2.9
2017-06-03,cp/ap,NA
2017-06-03,lcp,NA
2017-06-06,pd,28
2017-06-06,pd,28
2017-06-06,i,NA
2017-06-06,i,NA
2017-06-06,fi,12.4
2017-06-06,fi,12.4
2017-06-06,ln,12.5
2017-06-06,ln,16.5
2017-06-06,fdl,4.5
2017-06-06,fdl,NA
2017-06-06,m5s,29
2017-06-06,m5s,29
2017-06-06,leu,NA
2017-06-06,leu,NA
2017-06-06,others,2.1
2017-06-06,others,7.4
2017-06-06,si,NA
2017-06-06,si,NA
2017-06-06,ap,3
2017-06-06,ap,3
2017-06-06,mdp,3.2
2017-06-06,mdp,NA
2017-06-06,cp/ap,6
2017-06-06,cp/ap,NA
2017-06-06,lcp,NA
2017-06-06,lcp,NA
2017-06-07,pd,29.1
2017-06-07,pd,29.3
2017-06-07,pd,29.6
2017-06-07,i,NA
2017-06-07,i,NA
2017-06-07,i,NA
2017-06-07,fi,12.2
2017-06-07,fi,12.9
2017-06-07,fi,13.5
2017-06-07,ln,12.4
2017-06-07,ln,13
2017-06-07,ln,14
2017-06-07,fdl,4.1
2017-06-07,fdl,4.3
2017-06-07,fdl,4.8
2017-06-07,m5s,26.9
2017-06-07,m5s,27.9
2017-06-07,m5s,30.6
2017-06-07,leu,NA
2017-06-07,leu,NA
2017-06-07,leu,NA
2017-06-07,others,1.9
2017-06-07,others,3.6
2017-06-07,others,4.8
2017-06-07,si,2.6
2017-06-07,si,2.7
2017-06-07,si,2.8
2017-06-07,ap,2.1
2017-06-07,ap,2.4
2017-06-07,ap,2.8
2017-06-07,mdp,2.7
2017-06-07,mdp,3
2017-06-07,mdp,4
2017-06-07,cp/ap,NA
2017-06-07,cp/ap,NA
2017-06-07,cp/ap,NA
2017-06-07,lcp,NA
2017-06-07,lcp,NA
2017-06-07,lcp,NA
2017-06-08,pd,26
2017-06-08,pd,26.4
2017-06-08,i,NA
2017-06-08,i,NA
2017-06-08,fi,12
2017-06-08,fi,13.1
2017-06-08,ln,12
2017-06-08,ln,13
2017-06-08,fdl,4.9
2017-06-08,fdl,5
2017-06-08,m5s,30
2017-06-08,m5s,30.1
2017-06-08,leu,NA
2017-06-08,leu,NA
2017-06-08,others,3
2017-06-08,others,6
2017-06-08,si,2
2017-06-08,si,NA
2017-06-08,ap,2
2017-06-08,ap,3
2017-06-08,mdp,4
2017-06-08,mdp,NA
2017-06-08,cp/ap,7.5
2017-06-08,cp/ap,NA
2017-06-08,lcp,NA
2017-06-08,lcp,NA
2017-06-09,pd,27.4
2017-06-09,i,NA
2017-06-09,fi,13.1
2017-06-09,ln,13.4
2017-06-09,fdl,4.7
2017-06-09,m5s,29.8
2017-06-09,leu,NA
2017-06-09,others,3.6
2017-06-09,si,2.2
2017-06-09,ap,2.6
2017-06-09,mdp,3.2
2017-06-09,cp/ap,NA
2017-06-09,lcp,NA
2017-06-11,pd,29.2
2017-06-11,i,NA
2017-06-11,fi,13.5
2017-06-11,ln,12.1
2017-06-11,fdl,3.8
2017-06-11,m5s,29.7
2017-06-11,leu,NA
2017-06-11,others,1.4
2017-06-11,si,2.6
2017-06-11,ap,3.2
2017-06-11,mdp,NA
2017-06-11,cp/ap,4.5
2017-06-11,lcp,NA
2017-06-12,pd,28.6
2017-06-12,pd,29.5
2017-06-12,i,NA
2017-06-12,i,NA
2017-06-12,fi,11.5
2017-06-12,fi,12.5
2017-06-12,ln,12.5
2017-06-12,ln,15
2017-06-12,fdl,3
2017-06-12,fdl,4
2017-06-12,m5s,29
2017-06-12,m5s,29.5
2017-06-12,leu,NA
2017-06-12,leu,NA
2017-06-12,others,2.4
2017-06-12,others,5
2017-06-12,si,2
2017-06-12,si,2.5
2017-06-12,ap,3
2017-06-12,ap,3
2017-06-12,mdp,2
2017-06-12,mdp,3
2017-06-12,cp/ap,2
2017-06-12,cp/ap,NA
2017-06-12,lcp,NA
2017-06-12,lcp,NA
2017-06-14,pd,28.1
2017-06-14,pd,28.5
2017-06-14,i,NA
2017-06-14,i,NA
2017-06-14,fi,12.8
2017-06-14,fi,13.3
2017-06-14,ln,13.5
2017-06-14,ln,13.6
2017-06-14,fdl,4.2
2017-06-14,fdl,4.7
2017-06-14,m5s,27
2017-06-14,m5s,27
2017-06-14,leu,NA
2017-06-14,leu,NA
2017-06-14,others,3.5
2017-06-14,others,5.5
2017-06-14,si,2.5
2017-06-14,si,2.8
2017-06-14,ap,2.5
2017-06-14,ap,3.2
2017-06-14,mdp,3
2017-06-14,mdp,4.3
2017-06-14,cp/ap,NA
2017-06-14,cp/ap,NA
2017-06-14,lcp,NA
2017-06-14,lcp,NA
2017-06-16,pd,26.8
2017-06-16,i,NA
2017-06-16,fi,14.1
2017-06-16,ln,13.8
2017-06-16,fdl,4.9
2017-06-16,m5s,28.4
2017-06-16,leu,NA
2017-06-16,others,3.7
2017-06-16,si,2.2
2017-06-16,ap,2.6
2017-06-16,mdp,3.6
2017-06-16,cp/ap,NA
2017-06-16,lcp,NA
2017-06-21,pd,28
2017-06-21,pd,29
2017-06-21,i,NA
2017-06-21,i,NA
2017-06-21,fi,13.1
2017-06-21,fi,13.5
2017-06-21,ln,13.4
2017-06-21,ln,14.2
2017-06-21,fdl,4.2
2017-06-21,fdl,4.2
2017-06-21,m5s,27
2017-06-21,m5s,27.1
2017-06-21,leu,NA
2017-06-21,leu,NA
2017-06-21,others,3.3
2017-06-21,others,4.9
2017-06-21,si,2.2
2017-06-21,si,2.7
2017-06-21,ap,3
2017-06-21,ap,3.3
2017-06-21,mdp,3.3
2017-06-21,mdp,3.6
2017-06-21,cp/ap,NA
2017-06-21,cp/ap,NA
2017-06-21,lcp,NA
2017-06-21,lcp,NA
2017-06-23,pd,26.6
2017-06-23,pd,28
2017-06-23,pd,28.3
2017-06-23,i,NA
2017-06-23,i,NA
2017-06-23,i,NA
2017-06-23,fi,12.5
2017-06-23,fi,12.9
2017-06-23,fi,14.1
2017-06-23,ln,12.2
2017-06-23,ln,13.1
2017-06-23,ln,14.1
2017-06-23,fdl,4.3
2017-06-23,fdl,4.5
2017-06-23,fdl,4.9
2017-06-23,m5s,26.4
2017-06-23,m5s,28
2017-06-23,m5s,28.2
2017-06-23,leu,NA
2017-06-23,leu,NA
2017-06-23,leu,NA
2017-06-23,others,3.9
2017-06-23,others,4.8
2017-06-23,others,7.1
2017-06-23,si,2.2
2017-06-23,si,2.9
2017-06-23,si,NA
2017-06-23,ap,2.5
2017-06-23,ap,3
2017-06-23,ap,3.2
2017-06-23,mdp,3.2
2017-06-23,mdp,3.7
2017-06-23,mdp,4.1
2017-06-23,cp/ap,1.3
2017-06-23,cp/ap,NA
2017-06-23,cp/ap,NA
2017-06-23,lcp,NA
2017-06-23,lcp,NA
2017-06-23,lcp,NA
2017-06-26,pd,29
2017-06-26,i,NA
2017-06-26,fi,12
2017-06-26,ln,13
2017-06-26,fdl,4
2017-06-26,m5s,29
2017-06-26,leu,NA
2017-06-26,others,4.5
2017-06-26,si,2.5
2017-06-26,ap,3
2017-06-26,mdp,3
2017-06-26,cp/ap,NA
2017-06-26,lcp,NA
2017-06-28,pd,26.5
2017-06-28,pd,27.2
2017-06-28,pd,27.4
2017-06-28,pd,27.8
2017-06-28,pd,28.5
2017-06-28,i,NA
2017-06-28,i,NA
2017-06-28,i,NA
2017-06-28,i,NA
2017-06-28,i,NA
2017-06-28,fi,13
2017-06-28,fi,13.5
2017-06-28,fi,13.7
2017-06-28,fi,14.1
2017-06-28,fi,14.3
2017-06-28,ln,13.6
2017-06-28,ln,13.7
2017-06-28,ln,14
2017-06-28,ln,15
2017-06-28,ln,15
2017-06-28,fdl,4.1
2017-06-28,fdl,4.2
2017-06-28,fdl,4.3
2017-06-28,fdl,4.4
2017-06-28,fdl,4.8
2017-06-28,m5s,25.9
2017-06-28,m5s,26.8
2017-06-28,m5s,28
2017-06-28,m5s,28.3
2017-06-28,m5s,28.4
2017-06-28,leu,NA
2017-06-28,leu,NA
2017-06-28,leu,NA
2017-06-28,leu,NA
2017-06-28,leu,NA
2017-06-28,others,2.5
2017-06-28,others,2.9
2017-06-28,others,4.1
2017-06-28,others,4.2
2017-06-28,others,4.6
2017-06-28,si,2.4
2017-06-28,si,2.5
2017-06-28,si,2.5
2017-06-28,si,2.8
2017-06-28,si,2.8
2017-06-28,ap,1.8
2017-06-28,ap,2.4
2017-06-28,ap,2.9
2017-06-28,ap,3.1
2017-06-28,ap,3.1
2017-06-28,mdp,2.9
2017-06-28,mdp,3.4
2017-06-28,mdp,3.7
2017-06-28,mdp,3.8
2017-06-28,mdp,4.5
2017-06-28,cp/ap,0.6
2017-06-28,cp/ap,NA
2017-06-28,cp/ap,NA
2017-06-28,cp/ap,NA
2017-06-28,cp/ap,NA
2017-06-28,lcp,NA
2017-06-28,lcp,NA
2017-06-28,lcp,NA
2017-06-28,lcp,NA
2017-06-28,lcp,NA
2017-06-30,pd,26.3
2017-06-30,pd,27.1
2017-06-30,i,NA
2017-06-30,i,NA
2017-06-30,fi,13.6
2017-06-30,fi,14.4
2017-06-30,ln,13.8
2017-06-30,ln,14.3
2017-06-30,fdl,4.7
2017-06-30,fdl,5.1
2017-06-30,m5s,26
2017-06-30,m5s,27.4
2017-06-30,leu,NA
2017-06-30,leu,NA
2017-06-30,others,3.2
2017-06-30,others,4.5
2017-06-30,si,2.1
2017-06-30,si,2.9
2017-06-30,ap,2.1
2017-06-30,ap,2.4
2017-06-30,mdp,3.5
2017-06-30,mdp,4.3
2017-06-30,cp/ap,2.3
2017-06-30,cp/ap,NA
2017-06-30,lcp,NA
2017-06-30,lcp,NA
2017-07-04,pd,26.4
2017-07-04,i,NA
2017-07-04,fi,13.4
2017-07-04,ln,13.9
2017-07-04,fdl,5.3
2017-07-04,m5s,28
2017-07-04,leu,NA
2017-07-04,others,4
2017-07-04,si,2.2
2017-07-04,ap,2
2017-07-04,mdp,4.8
2017-07-04,cp/ap,NA
2017-07-04,lcp,NA
2017-07-05,pd,28.7
2017-07-05,i,NA
2017-07-05,fi,13.8
2017-07-05,ln,14.4
2017-07-05,fdl,4.3
2017-07-05,m5s,26.2
2017-07-05,leu,NA
2017-07-05,others,3
2017-07-05,si,2.6
2017-07-05,ap,3.2
2017-07-05,mdp,3.8
2017-07-05,cp/ap,NA
2017-07-05,lcp,NA
2017-07-07,pd,26.7
2017-07-07,i,NA
2017-07-07,fi,13.8
2017-07-07,ln,14.8
2017-07-07,fdl,5.1
2017-07-07,m5s,27.2
2017-07-07,leu,NA
2017-07-07,others,4.2
2017-07-07,si,2.1
2017-07-07,ap,2.4
2017-07-07,mdp,3.7
2017-07-07,cp/ap,NA
2017-07-07,lcp,NA
2017-07-10,pd,29.5
2017-07-10,i,NA
2017-07-10,fi,12.5
2017-07-10,ln,13.5
2017-07-10,fdl,4
2017-07-10,m5s,29.5
2017-07-10,leu,NA
2017-07-10,others,3
2017-07-10,si,2
2017-07-10,ap,3
2017-07-10,mdp,3
2017-07-10,cp/ap,NA
2017-07-10,lcp,NA
2017-07-11,pd,26.1
2017-07-11,i,NA
2017-07-11,fi,13.4
2017-07-11,ln,14.2
2017-07-11,fdl,5.4
2017-07-11,m5s,27.8
2017-07-11,leu,NA
2017-07-11,others,5.1
2017-07-11,si,2.2
2017-07-11,ap,2
2017-07-11,mdp,3.8
2017-07-11,cp/ap,NA
2017-07-11,lcp,NA
2017-07-12,pd,26.2
2017-07-12,pd,27.6
2017-07-12,pd,28.1
2017-07-12,i,NA
2017-07-12,i,NA
2017-07-12,i,NA
2017-07-12,fi,12.8
2017-07-12,fi,13.7
2017-07-12,fi,13.9
2017-07-12,ln,14
2017-07-12,ln,14.3
2017-07-12,ln,14.6
2017-07-12,fdl,4.3
2017-07-12,fdl,4.4
2017-07-12,fdl,4.8
2017-07-12,m5s,26.9
2017-07-12,m5s,26.9
2017-07-12,m5s,27
2017-07-12,leu,NA
2017-07-12,leu,NA
2017-07-12,leu,NA
2017-07-12,others,2
2017-07-12,others,3.2
2017-07-12,others,3.7
2017-07-12,si,2.6
2017-07-12,si,2.7
2017-07-12,si,2.9
2017-07-12,ap,2.6
2017-07-12,ap,3
2017-07-12,ap,3.4
2017-07-12,mdp,3.7
2017-07-12,mdp,3.9
2017-07-12,mdp,4
2017-07-12,cp/ap,NA
2017-07-12,cp/ap,NA
2017-07-12,cp/ap,NA
2017-07-12,lcp,NA
2017-07-12,lcp,NA
2017-07-12,lcp,NA
2017-07-14,pd,26.2
2017-07-14,i,NA
2017-07-14,fi,13.1
2017-07-14,ln,15.3
2017-07-14,fdl,5.4
2017-07-14,m5s,27.8
2017-07-14,leu,NA
2017-07-14,others,4.1
2017-07-14,si,2.1
2017-07-14,ap,2.5
2017-07-14,mdp,3.5
2017-07-14,cp/ap,NA
2017-07-14,lcp,NA
2017-07-17,pd,24
2017-07-17,pd,29
2017-07-17,i,NA
2017-07-17,i,NA
2017-07-17,fi,11.5
2017-07-17,fi,13
2017-07-17,ln,13.5
2017-07-17,ln,14
2017-07-17,fdl,4.5
2017-07-17,fdl,5
2017-07-17,m5s,28.5
2017-07-17,m5s,28.5
2017-07-17,leu,NA
2017-07-17,leu,NA
2017-07-17,others,3.5
2017-07-17,others,8
2017-07-17,si,2
2017-07-17,si,NA
2017-07-17,ap,2.5
2017-07-17,ap,3
2017-07-17,mdp,3.5
2017-07-17,mdp,6
2017-07-17,cp/ap,NA
2017-07-17,cp/ap,NA
2017-07-17,lcp,NA
2017-07-17,lcp,NA
2017-07-18,pd,25.4
2017-07-18,i,NA
2017-07-18,fi,13.1
2017-07-18,ln,14.5
2017-07-18,fdl,5.5
2017-07-18,m5s,28.4
2017-07-18,leu,NA
2017-07-18,others,5.3
2017-07-18,si,2.1
2017-07-18,ap,2
2017-07-18,mdp,3.7
2017-07-18,cp/ap,NA
2017-07-18,lcp,NA
2017-07-19,pd,27.5
2017-07-19,pd,27.9
2017-07-19,i,NA
2017-07-19,i,NA
2017-07-19,fi,13.6
2017-07-19,fi,13.7
2017-07-19,ln,14.6
2017-07-19,ln,15
2017-07-19,fdl,4.2
2017-07-19,fdl,4.4
2017-07-19,m5s,26.3
2017-07-19,m5s,27
2017-07-19,leu,NA
2017-07-19,leu,NA
2017-07-19,others,3.5
2017-07-19,others,4
2017-07-19,si,2.3
2017-07-19,si,2.9
2017-07-19,ap,2.5
2017-07-19,ap,3.2
2017-07-19,mdp,3.6
2017-07-19,mdp,3.8
2017-07-19,cp/ap,NA
2017-07-19,cp/ap,NA
2017-07-19,lcp,NA
2017-07-19,lcp,NA
2017-07-21,pd,26.7
2017-07-21,pd,26.9
2017-07-21,i,NA
2017-07-21,i,NA
2017-07-21,fi,12.8
2017-07-21,fi,15.1
2017-07-21,ln,15.1
2017-07-21,ln,15.2
2017-07-21,fdl,4.9
2017-07-21,fdl,5.3
2017-07-21,m5s,27.6
2017-07-21,m5s,28
2017-07-21,leu,NA
2017-07-21,leu,NA
2017-07-21,others,2.6
2017-07-21,others,4
2017-07-21,si,2
2017-07-21,si,2.1
2017-07-21,ap,2
2017-07-21,ap,2.5
2017-07-21,mdp,3.4
2017-07-21,mdp,3.8
2017-07-21,cp/ap,NA
2017-07-21,cp/ap,NA
2017-07-21,lcp,NA
2017-07-21,lcp,NA
2017-07-24,pd,24
2017-07-24,pd,28.4
2017-07-24,i,NA
2017-07-24,i,NA
2017-07-24,fi,12.5
2017-07-24,fi,13.3
2017-07-24,ln,12.5
2017-07-24,ln,13.9
2017-07-24,fdl,4.5
2017-07-24,fdl,5
2017-07-24,m5s,28
2017-07-24,m5s,28
2017-07-24,leu,NA
2017-07-24,leu,NA
2017-07-24,others,3.5
2017-07-24,others,7
2017-07-24,si,2
2017-07-24,si,2.3
2017-07-24,ap,2.7
2017-07-24,ap,3
2017-07-24,mdp,3.6
2017-07-24,mdp,6
2017-07-24,cp/ap,NA
2017-07-24,cp/ap,NA
2017-07-24,lcp,NA
2017-07-24,lcp,NA
2017-07-25,pd,25.4
2017-07-25,i,NA
2017-07-25,fi,13.2
2017-07-25,ln,14.4
2017-07-25,fdl,5.5
2017-07-25,m5s,28.5
2017-07-25,leu,NA
2017-07-25,others,5.3
2017-07-25,si,2.1
2017-07-25,ap,2
2017-07-25,mdp,3.6
2017-07-25,cp/ap,NA
2017-07-25,lcp,NA
2017-07-26,pd,27.3
2017-07-26,pd,28.3
2017-07-26,i,NA
2017-07-26,i,NA
2017-07-26,fi,12.7
2017-07-26,fi,13.5
2017-07-26,ln,14.8
2017-07-26,ln,15.2
2017-07-26,fdl,4.3
2017-07-26,fdl,4.8
2017-07-26,m5s,26.3
2017-07-26,m5s,27.2
2017-07-26,leu,NA
2017-07-26,leu,NA
2017-07-26,others,3.5
2017-07-26,others,4.1
2017-07-26,si,2.1
2017-07-26,si,2.7
2017-07-26,ap,2.6
2017-07-26,ap,3
2017-07-26,mdp,3.5
2017-07-26,mdp,4.1
2017-07-26,cp/ap,NA
2017-07-26,cp/ap,NA
2017-07-26,lcp,NA
2017-07-26,lcp,NA
2017-07-31,pd,25.6
2017-07-31,i,NA
2017-07-31,fi,13.3
2017-07-31,ln,14.4
2017-07-31,fdl,5.4
2017-07-31,m5s,28.3
2017-07-31,leu,NA
2017-07-31,others,5.3
2017-07-31,si,2.2
2017-07-31,ap,2
2017-07-31,mdp,3.5
2017-07-31,cp/ap,NA
2017-07-31,lcp,NA
2017-08-02,pd,27
2017-08-02,pd,27.5
2017-08-02,i,NA
2017-08-02,i,NA
2017-08-02,fi,13.2
2017-08-02,fi,13.4
2017-08-02,ln,14.9
2017-08-02,ln,15
2017-08-02,fdl,4.4
2017-08-02,fdl,4.5
2017-08-02,m5s,27.1
2017-08-02,m5s,27.2
2017-08-02,leu,NA
2017-08-02,leu,NA
2017-08-02,others,2.9
2017-08-02,others,4.4
2017-08-02,si,2
2017-08-02,si,2.4
2017-08-02,ap,2.5
2017-08-02,ap,2.8
2017-08-02,mdp,3.4
2017-08-02,mdp,3.5
2017-08-02,cp/ap,1.9
2017-08-02,cp/ap,NA
2017-08-02,lcp,NA
2017-08-02,lcp,NA
2017-08-09,pd,27.3
2017-08-09,i,NA
2017-08-09,fi,13.3
2017-08-09,ln,15
2017-08-09,fdl,4.5
2017-08-09,m5s,27
2017-08-09,leu,NA
2017-08-09,others,4.6
2017-08-09,si,2.3
2017-08-09,ap,2.5
2017-08-09,mdp,3.5
2017-08-09,cp/ap,NA
2017-08-09,lcp,NA
2017-08-28,pd,29.2
2017-08-28,i,NA
2017-08-28,fi,12
2017-08-28,ln,13.3
2017-08-28,fdl,4.2
2017-08-28,m5s,29.2
2017-08-28,leu,NA
2017-08-28,others,3.5
2017-08-28,si,2.5
2017-08-28,ap,2.5
2017-08-28,mdp,3.2
2017-08-28,cp/ap,NA
2017-08-28,lcp,NA
2017-09-01,pd,26.6
2017-09-01,i,NA
2017-09-01,fi,12.8
2017-09-01,ln,15.4
2017-09-01,fdl,5.1
2017-09-01,m5s,28.3
2017-09-01,leu,NA
2017-09-01,others,4.4
2017-09-01,si,2.1
2017-09-01,ap,2.4
2017-09-01,mdp,2.9
2017-09-01,cp/ap,NA
2017-09-01,lcp,NA
2017-09-04,pd,29.5
2017-09-04,i,NA
2017-09-04,fi,12.5
2017-09-04,ln,13.5
2017-09-04,fdl,4.5
2017-09-04,m5s,29
2017-09-04,leu,NA
2017-09-04,others,2.5
2017-09-04,si,2.5
2017-09-04,ap,2.5
2017-09-04,mdp,3.5
2017-09-04,cp/ap,NA
2017-09-04,lcp,NA
2017-09-05,pd,25.2
2017-09-05,i,NA
2017-09-05,fi,13.4
2017-09-05,ln,14.7
2017-09-05,fdl,5.4
2017-09-05,m5s,28
2017-09-05,leu,NA
2017-09-05,others,6
2017-09-05,si,2.2
2017-09-05,ap,2
2017-09-05,mdp,3.1
2017-09-05,cp/ap,NA
2017-09-05,lcp,NA
2017-09-06,pd,25.6
2017-09-06,pd,26.5
2017-09-06,pd,26.6
2017-09-06,pd,26.8
2017-09-06,i,NA
2017-09-06,i,NA
2017-09-06,i,NA
2017-09-06,i,NA
2017-09-06,fi,13.2
2017-09-06,fi,13.4
2017-09-06,fi,14.6
2017-09-06,fi,15.6
2017-09-06,ln,13.6
2017-09-06,ln,15
2017-09-06,ln,15.1
2017-09-06,ln,16
2017-09-06,fdl,4.3
2017-09-06,fdl,4.4
2017-09-06,fdl,4.8
2017-09-06,fdl,5
2017-09-06,m5s,26.6
2017-09-06,m5s,26.8
2017-09-06,m5s,27.6
2017-09-06,m5s,28.1
2017-09-06,leu,NA
2017-09-06,leu,NA
2017-09-06,leu,NA
2017-09-06,leu,NA
2017-09-06,others,2.8
2017-09-06,others,2.9
2017-09-06,others,3
2017-09-06,others,3.3
2017-09-06,si,2.3
2017-09-06,si,2.4
2017-09-06,si,2.5
2017-09-06,si,2.6
2017-09-06,ap,2
2017-09-06,ap,2.2
2017-09-06,ap,2.2
2017-09-06,ap,2.7
2017-09-06,mdp,2.7
2017-09-06,mdp,3.6
2017-09-06,mdp,3.8
2017-09-06,mdp,4
2017-09-06,cp/ap,1.2
2017-09-06,cp/ap,1.8
2017-09-06,cp/ap,2
2017-09-06,cp/ap,NA
2017-09-06,lcp,NA
2017-09-06,lcp,NA
2017-09-06,lcp,NA
2017-09-06,lcp,NA
2017-09-08,pd,27.3
2017-09-08,i,NA
2017-09-08,fi,12.4
2017-09-08,ln,15.5
2017-09-08,fdl,5
2017-09-08,m5s,28
2017-09-08,leu,NA
2017-09-08,others,4.6
2017-09-08,si,2.1
2017-09-08,ap,2.3
2017-09-08,mdp,2.8
2017-09-08,cp/ap,NA
2017-09-08,lcp,NA
2017-09-11,pd,28.1
2017-09-11,pd,29.5
2017-09-11,i,NA
2017-09-11,i,NA
2017-09-11,fi,12
2017-09-11,fi,13
2017-09-11,ln,13.5
2017-09-11,ln,14.8
2017-09-11,fdl,4
2017-09-11,fdl,5
2017-09-11,m5s,28.5
2017-09-11,m5s,29
2017-09-11,leu,NA
2017-09-11,leu,NA
2017-09-11,others,2
2017-09-11,others,3
2017-09-11,si,2.5
2017-09-11,si,2.8
2017-09-11,ap,2.5
2017-09-11,ap,2.8
2017-09-11,mdp,2
2017-09-11,mdp,3.5
2017-09-11,cp/ap,1.5
2017-09-11,cp/ap,NA
2017-09-11,lcp,NA
2017-09-11,lcp,NA
2017-09-13,pd,27.3
2017-09-13,i,NA
2017-09-13,fi,13.6
2017-09-13,ln,15.5
2017-09-13,fdl,4.3
2017-09-13,m5s,26.8
2017-09-13,leu,NA
2017-09-13,others,2.9
2017-09-13,si,2.3
2017-09-13,ap,2.5
2017-09-13,mdp,3
2017-09-13,cp/ap,1.8
2017-09-13,lcp,NA
2017-09-14,pd,25.4
2017-09-14,pd,27
2017-09-14,i,NA
2017-09-14,i,NA
2017-09-14,fi,13.6
2017-09-14,fi,14
2017-09-14,ln,14.7
2017-09-14,ln,15
2017-09-14,fdl,5
2017-09-14,fdl,5.3
2017-09-14,m5s,27.5
2017-09-14,m5s,28.2
2017-09-14,leu,NA
2017-09-14,leu,NA
2017-09-14,others,2
2017-09-14,others,6.3
2017-09-14,si,2.2
2017-09-14,si,2.3
2017-09-14,ap,2
2017-09-14,ap,2.2
2017-09-14,mdp,3
2017-09-14,mdp,4
2017-09-14,cp/ap,NA
2017-09-14,cp/ap,NA
2017-09-14,lcp,NA
2017-09-14,lcp,NA
2017-09-15,pd,27.8
2017-09-15,i,NA
2017-09-15,fi,12.3
2017-09-15,ln,14.9
2017-09-15,fdl,5.1
2017-09-15,m5s,28.3
2017-09-15,leu,NA
2017-09-15,others,4.6
2017-09-15,si,2.1
2017-09-15,ap,2.2
2017-09-15,mdp,2.7
2017-09-15,cp/ap,NA
2017-09-15,lcp,NA
2017-09-16,pd,25.9
2017-09-16,i,NA
2017-09-16,fi,15.6
2017-09-16,ln,15.2
2017-09-16,fdl,5
2017-09-16,m5s,26.4
2017-09-16,leu,NA
2017-09-16,others,2.5
2017-09-16,si,2.6
2017-09-16,ap,2
2017-09-16,mdp,3.8
2017-09-16,cp/ap,1
2017-09-16,lcp,NA
2017-09-20,pd,26.8
2017-09-20,i,NA
2017-09-20,fi,13.5
2017-09-20,ln,15.9
2017-09-20,fdl,4.2
2017-09-20,m5s,26.8
2017-09-20,leu,NA
2017-09-20,others,3.3
2017-09-20,si,2.4
2017-09-20,ap,2.7
2017-09-20,mdp,2.6
2017-09-20,cp/ap,1.8
2017-09-20,lcp,NA
2017-09-21,pd,25
2017-09-21,pd,26
2017-09-21,i,NA
2017-09-21,i,NA
2017-09-21,fi,13.8
2017-09-21,fi,14.5
2017-09-21,ln,14.6
2017-09-21,ln,15
2017-09-21,fdl,4.1
2017-09-21,fdl,5.3
2017-09-21,m5s,26.5
2017-09-21,m5s,26.7
2017-09-21,leu,NA
2017-09-21,leu,NA
2017-09-21,others,3.7
2017-09-21,others,6.8
2017-09-21,si,2.2
2017-09-21,si,2.4
2017-09-21,ap,1.6
2017-09-21,ap,2
2017-09-21,mdp,3.2
2017-09-21,mdp,3.4
2017-09-21,cp/ap,3.2
2017-09-21,cp/ap,NA
2017-09-21,lcp,NA
2017-09-21,lcp,NA
2017-09-22,pd,27.5
2017-09-22,pd,28.4
2017-09-22,i,NA
2017-09-22,i,NA
2017-09-22,fi,13
2017-09-22,fi,14
2017-09-22,ln,14
2017-09-22,ln,14.4
2017-09-22,fdl,4.1
2017-09-22,fdl,5.1
2017-09-22,m5s,25.4
2017-09-22,m5s,27.1
2017-09-22,leu,NA
2017-09-22,leu,NA
2017-09-22,others,4.3
2017-09-22,others,5.4
2017-09-22,si,2
2017-09-22,si,2.7
2017-09-22,ap,2.2
2017-09-22,ap,2.8
2017-09-22,mdp,2.4
2017-09-22,mdp,NA
2017-09-22,cp/ap,5.2
2017-09-22,cp/ap,NA
2017-09-22,lcp,NA
2017-09-22,lcp,NA
2017-09-24,pd,26.2
2017-09-24,i,NA
2017-09-24,fi,15.9
2017-09-24,ln,15.3
2017-09-24,fdl,5.1
2017-09-24,m5s,25.7
2017-09-24,leu,NA
2017-09-24,others,2.4
2017-09-24,si,2.6
2017-09-24,ap,1.9
2017-09-24,mdp,4
2017-09-24,cp/ap,0.9
2017-09-24,lcp,NA
2017-09-25,pd,29
2017-09-25,i,NA
2017-09-25,fi,12
2017-09-25,ln,13.5
2017-09-25,fdl,5
2017-09-25,m5s,29
2017-09-25,leu,NA
2017-09-25,others,3
2017-09-25,si,2.5
2017-09-25,ap,2.5
2017-09-25,mdp,3.5
2017-09-25,cp/ap,NA
2017-09-25,lcp,NA
2017-09-27,pd,27.1
2017-09-27,i,NA
2017-09-27,fi,13.1
2017-09-27,ln,15.5
2017-09-27,fdl,4.5
2017-09-27,m5s,26.5
2017-09-27,leu,NA
2017-09-27,others,3.5
2017-09-27,si,2.2
2017-09-27,ap,2.7
2017-09-27,mdp,2.9
2017-09-27,cp/ap,2
2017-09-27,lcp,NA
2017-09-28,pd,25.1
2017-09-28,i,NA
2017-09-28,fi,14.1
2017-09-28,ln,14.8
2017-09-28,fdl,5.4
2017-09-28,m5s,26.8
2017-09-28,leu,NA
2017-09-28,others,6.5
2017-09-28,si,2.3
2017-09-28,ap,2
2017-09-28,mdp,3
2017-09-28,cp/ap,NA
2017-09-28,lcp,NA
2017-09-30,pd,26.4
2017-09-30,i,NA
2017-09-30,fi,15.9
2017-09-30,ln,15.5
2017-09-30,fdl,5
2017-09-30,m5s,25.5
2017-09-30,leu,NA
2017-09-30,others,2.4
2017-09-30,si,2.4
2017-09-30,ap,2.1
2017-09-30,mdp,4.1
2017-09-30,cp/ap,0.7
2017-09-30,lcp,NA
2017-10-01,pd,28.1
2017-10-01,i,NA
2017-10-01,fi,13.5
2017-10-01,ln,13.9
2017-10-01,fdl,5.1
2017-10-01,m5s,27
2017-10-01,leu,NA
2017-10-01,others,5.8
2017-10-01,si,2
2017-10-01,ap,2.3
2017-10-01,mdp,2.3
2017-10-01,cp/ap,0.9
2017-10-01,lcp,NA
2017-10-04,pd,25.5
2017-10-04,pd,26.9
2017-10-04,i,NA
2017-10-04,i,NA
2017-10-04,fi,14
2017-10-04,fi,14.2
2017-10-04,ln,14.6
2017-10-04,ln,15.7
2017-10-04,fdl,4.6
2017-10-04,fdl,5.4
2017-10-04,m5s,25.9
2017-10-04,m5s,26.6
2017-10-04,leu,NA
2017-10-04,leu,NA
2017-10-04,others,2.5
2017-10-04,others,6.7
2017-10-04,si,2.2
2017-10-04,si,2.5
2017-10-04,ap,2
2017-10-04,ap,3
2017-10-04,mdp,2.8
2017-10-04,mdp,3.2
2017-10-04,cp/ap,1.7
2017-10-04,cp/ap,NA
2017-10-04,lcp,NA
2017-10-04,lcp,NA
2017-10-05,pd,28.7
2017-10-05,pd,30.4
2017-10-05,i,NA
2017-10-05,i,NA
2017-10-05,fi,12.1
2017-10-05,fi,15.1
2017-10-05,ln,14.7
2017-10-05,ln,17
2017-10-05,fdl,3.8
2017-10-05,fdl,NA
2017-10-05,m5s,29.5
2017-10-05,m5s,29.9
2017-10-05,leu,NA
2017-10-05,leu,NA
2017-10-05,others,0
2017-10-05,others,3.1
2017-10-05,si,1.7
2017-10-05,si,NA
2017-10-05,ap,2.5
2017-10-05,ap,NA
2017-10-05,mdp,8
2017-10-05,mdp,NA
2017-10-05,cp/ap,3.5
2017-10-05,cp/ap,NA
2017-10-05,lcp,NA
2017-10-05,lcp,NA
2017-10-07,pd,26.7
2017-10-07,pd,29.5
2017-10-07,i,NA
2017-10-07,i,NA
2017-10-07,fi,13.5
2017-10-07,fi,15.8
2017-10-07,ln,12
2017-10-07,ln,15.3
2017-10-07,fdl,5
2017-10-07,fdl,5.2
2017-10-07,m5s,25.8
2017-10-07,m5s,28.5
2017-10-07,leu,NA
2017-10-07,leu,NA
2017-10-07,others,2.6
2017-10-07,others,3
2017-10-07,si,2
2017-10-07,si,2.2
2017-10-07,ap,2.1
2017-10-07,ap,3
2017-10-07,mdp,3.5
2017-10-07,mdp,3.7
2017-10-07,cp/ap,0.6
2017-10-07,cp/ap,NA
2017-10-07,lcp,NA
2017-10-07,lcp,NA
2017-10-08,pd,27.4
2017-10-08,pd,27.7
2017-10-08,i,NA
2017-10-08,i,NA
2017-10-08,fi,12.8
2017-10-08,fi,13.6
2017-10-08,ln,14.5
2017-10-08,ln,15.1
2017-10-08,fdl,3.7
2017-10-08,fdl,5
2017-10-08,m5s,27.2
2017-10-08,m5s,27.3
2017-10-08,leu,NA
2017-10-08,leu,NA
2017-10-08,others,4.7
2017-10-08,others,5.2
2017-10-08,si,2
2017-10-08,si,2.1
2017-10-08,ap,1.6
2017-10-08,ap,2.2
2017-10-08,mdp,2.2
2017-10-08,mdp,3.1
2017-10-08,cp/ap,1
2017-10-08,cp/ap,1.6
2017-10-08,lcp,NA
2017-10-08,lcp,NA
2017-10-11,pd,25.5
2017-10-11,pd,27.2
2017-10-11,i,NA
2017-10-11,i,NA
2017-10-11,fi,14.2
2017-10-11,fi,14.2
2017-10-11,ln,14.8
2017-10-11,ln,15.5
2017-10-11,fdl,4.3
2017-10-11,fdl,5.3
2017-10-11,m5s,26.5
2017-10-11,m5s,26.8
2017-10-11,leu,NA
2017-10-11,leu,NA
2017-10-11,others,3.5
2017-10-11,others,6.3
2017-10-11,si,2.1
2017-10-11,si,2.1
2017-10-11,ap,2
2017-10-11,ap,2.6
2017-10-11,mdp,2.6
2017-10-11,mdp,3
2017-10-11,cp/ap,1.5
2017-10-11,cp/ap,NA
2017-10-11,lcp,NA
2017-10-11,lcp,NA
2017-10-12,pd,26.3
2017-10-12,i,NA
2017-10-12,fi,14.2
2017-10-12,ln,14.6
2017-10-12,fdl,5
2017-10-12,m5s,27.6
2017-10-12,leu,NA
2017-10-12,others,2.2
2017-10-12,si,2.2
2017-10-12,ap,2.2
2017-10-12,mdp,3.7
2017-10-12,cp/ap,2.2
2017-10-12,lcp,NA
2017-10-14,pd,29
2017-10-14,i,NA
2017-10-14,fi,13
2017-10-14,ln,14
2017-10-14,fdl,4.5
2017-10-14,m5s,28.5
2017-10-14,leu,NA
2017-10-14,others,3
2017-10-14,si,2
2017-10-14,ap,2.5
2017-10-14,mdp,3.5
2017-10-14,cp/ap,NA
2017-10-14,lcp,NA
2017-10-15,pd,27.1
2017-10-15,i,NA
2017-10-15,fi,12.2
2017-10-15,ln,14.8
2017-10-15,fdl,5
2017-10-15,m5s,27.9
2017-10-15,leu,NA
2017-10-15,others,5.1
2017-10-15,si,2
2017-10-15,ap,2.2
2017-10-15,mdp,2.4
2017-10-15,cp/ap,0.9
2017-10-15,lcp,NA
2017-10-16,pd,26.2
2017-10-16,i,NA
2017-10-16,fi,16
2017-10-16,ln,15.5
2017-10-16,fdl,5.2
2017-10-16,m5s,25.7
2017-10-16,leu,NA
2017-10-16,others,3.6
2017-10-16,si,2.1
2017-10-16,ap,2
2017-10-16,mdp,3.6
2017-10-16,cp/ap,NA
2017-10-16,lcp,NA
2017-10-18,pd,26
2017-10-18,pd,26.4
2017-10-18,pd,27
2017-10-18,i,NA
2017-10-18,i,NA
2017-10-18,i,NA
2017-10-18,fi,12.6
2017-10-18,fi,13.6
2017-10-18,fi,14.3
2017-10-18,ln,13.5
2017-10-18,ln,14.7
2017-10-18,ln,15.8
2017-10-18,fdl,4.8
2017-10-18,fdl,5
2017-10-18,fdl,6.3
2017-10-18,m5s,25.5
2017-10-18,m5s,26.2
2017-10-18,m5s,26.9
2017-10-18,leu,NA
2017-10-18,leu,NA
2017-10-18,leu,NA
2017-10-18,others,4.4
2017-10-18,others,5.5
2017-10-18,others,5.9
2017-10-18,si,1.9
2017-10-18,si,2
2017-10-18,si,2
2017-10-18,ap,2
2017-10-18,ap,2
2017-10-18,ap,2.8
2017-10-18,mdp,2.9
2017-10-18,mdp,3.2
2017-10-18,mdp,4.2
2017-10-18,cp/ap,0.8
2017-10-18,cp/ap,1.8
2017-10-18,cp/ap,NA
2017-10-18,lcp,NA
2017-10-18,lcp,NA
2017-10-18,lcp,NA
2017-10-20,pd,27
2017-10-20,i,NA
2017-10-20,fi,14
2017-10-20,ln,15.2
2017-10-20,fdl,4.9
2017-10-20,m5s,28
2017-10-20,leu,NA
2017-10-20,others,2.8
2017-10-20,si,2.2
2017-10-20,ap,2.1
2017-10-20,mdp,3.8
2017-10-20,cp/ap,NA
2017-10-20,lcp,NA
2017-10-22,pd,26.4
2017-10-22,pd,26.7
2017-10-22,i,NA
2017-10-22,i,NA
2017-10-22,fi,12.7
2017-10-22,fi,14.1
2017-10-22,ln,14.3
2017-10-22,ln,15
2017-10-22,fdl,4.7
2017-10-22,fdl,5
2017-10-22,m5s,26.9
2017-10-22,m5s,28.3
2017-10-22,leu,NA
2017-10-22,leu,NA
2017-10-22,others,5.5
2017-10-22,others,5.6
2017-10-22,si,2
2017-10-22,si,NA
2017-10-22,ap,2.1
2017-10-22,ap,2.2
2017-10-22,mdp,2.6
2017-10-22,mdp,5
2017-10-22,cp/ap,0.9
2017-10-22,cp/ap,NA
2017-10-22,lcp,NA
2017-10-22,lcp,NA
2017-10-23,pd,25.8
2017-10-23,i,NA
2017-10-23,fi,16
2017-10-23,ln,15.8
2017-10-23,fdl,4.9
2017-10-23,m5s,25.6
2017-10-23,leu,NA
2017-10-23,others,3.6
2017-10-23,si,2.5
2017-10-23,ap,2
2017-10-23,mdp,3.8
2017-10-23,cp/ap,NA
2017-10-23,lcp,NA
2017-10-25,pd,25.4
2017-10-25,pd,26.5
2017-10-25,pd,26.8
2017-10-25,i,NA
2017-10-25,i,NA
2017-10-25,i,NA
2017-10-25,fi,13.7
2017-10-25,fi,14
2017-10-25,fi,14
2017-10-25,ln,14.6
2017-10-25,ln,15.3
2017-10-25,ln,15.6
2017-10-25,fdl,4.4
2017-10-25,fdl,4.7
2017-10-25,fdl,5
2017-10-25,m5s,27
2017-10-25,m5s,27.1
2017-10-25,m5s,28
2017-10-25,leu,NA
2017-10-25,leu,NA
2017-10-25,leu,NA
2017-10-25,others,3.5
2017-10-25,others,4.4
2017-10-25,others,5.9
2017-10-25,si,2
2017-10-25,si,2
2017-10-25,si,NA
2017-10-25,ap,2
2017-10-25,ap,2
2017-10-25,ap,2.6
2017-10-25,mdp,2.4
2017-10-25,mdp,3
2017-10-25,mdp,6
2017-10-25,cp/ap,1.2
2017-10-25,cp/ap,NA
2017-10-25,cp/ap,NA
2017-10-25,lcp,NA
2017-10-25,lcp,NA
2017-10-25,lcp,NA
2017-10-26,pd,25.5
2017-10-26,pd,25.5
2017-10-26,i,NA
2017-10-26,i,NA
2017-10-26,fi,14
2017-10-26,fi,16.1
2017-10-26,ln,13.5
2017-10-26,ln,15.2
2017-10-26,fdl,4.5
2017-10-26,fdl,5.5
2017-10-26,m5s,27
2017-10-26,m5s,27.5
2017-10-26,leu,NA
2017-10-26,leu,NA
2017-10-26,others,2.7
2017-10-26,others,4.5
2017-10-26,si,1
2017-10-26,si,2.6
2017-10-26,ap,3
2017-10-26,ap,3.1
2017-10-26,mdp,2.8
2017-10-26,mdp,3.5
2017-10-26,cp/ap,2.5
2017-10-26,cp/ap,NA
2017-10-26,lcp,NA
2017-10-26,lcp,NA
2017-10-27,pd,24.1
2017-10-27,i,NA
2017-10-27,fi,11.7
2017-10-27,ln,14.3
2017-10-27,fdl,5.4
2017-10-27,m5s,30.1
2017-10-27,leu,NA
2017-10-27,others,3.2
2017-10-27,si,NA
2017-10-27,ap,1.5
2017-10-27,mdp,8.3
2017-10-27,cp/ap,1.4
2017-10-27,lcp,NA
2017-10-28,pd,27.3
2017-10-28,i,NA
2017-10-28,fi,14.3
2017-10-28,ln,13.8
2017-10-28,fdl,4.3
2017-10-28,m5s,26.1
2017-10-28,leu,NA
2017-10-28,others,4.5
2017-10-28,si,2.8
2017-10-28,ap,2.7
2017-10-28,mdp,3.2
2017-10-28,cp/ap,1
2017-10-28,lcp,NA
2017-10-29,pd,26.5
2017-10-29,i,NA
2017-10-29,fi,13.2
2017-10-29,ln,13.6
2017-10-29,fdl,5
2017-10-29,m5s,28.8
2017-10-29,leu,NA
2017-10-29,others,5.3
2017-10-29,si,2
2017-10-29,ap,2
2017-10-29,mdp,3
2017-10-29,cp/ap,0.6
2017-10-29,lcp,NA
2017-10-30,pd,25.6
2017-10-30,pd,29
2017-10-30,i,NA
2017-10-30,i,NA
2017-10-30,fi,12.5
2017-10-30,fi,16.2
2017-10-30,ln,14.5
2017-10-30,ln,15.2
2017-10-30,fdl,4.5
2017-10-30,fdl,4.8
2017-10-30,m5s,26.3
2017-10-30,m5s,29
2017-10-30,leu,NA
2017-10-30,leu,NA
2017-10-30,others,2.5
2017-10-30,others,3.9
2017-10-30,si,2
2017-10-30,si,2.3
2017-10-30,ap,2.2
2017-10-30,ap,2.5
2017-10-30,mdp,3.5
2017-10-30,mdp,3.5
2017-10-30,cp/ap,NA
2017-10-30,cp/ap,NA
2017-10-30,lcp,NA
2017-10-30,lcp,NA
2017-11-01,pd,25.6
2017-11-01,pd,25.7
2017-11-01,i,NA
2017-11-01,i,NA
2017-11-01,fi,13.3
2017-11-01,fi,14
2017-11-01,ln,15
2017-11-01,ln,15.1
2017-11-01,fdl,4.8
2017-11-01,fdl,4.9
2017-11-01,m5s,26.5
2017-11-01,m5s,27.4
2017-11-01,leu,NA
2017-11-01,leu,NA
2017-11-01,others,5.8
2017-11-01,others,6
2017-11-01,si,2
2017-11-01,si,2.4
2017-11-01,ap,2
2017-11-01,ap,2.5
2017-11-01,mdp,2.6
2017-11-01,mdp,3
2017-11-01,cp/ap,1.4
2017-11-01,cp/ap,NA
2017-11-01,lcp,NA
2017-11-01,lcp,NA
2017-11-02,pd,26.7
2017-11-02,i,NA
2017-11-02,fi,14.3
2017-11-02,ln,14.8
2017-11-02,fdl,4.7
2017-11-02,m5s,27.7
2017-11-02,leu,NA
2017-11-02,others,3.9
2017-11-02,si,2.3
2017-11-02,ap,2.4
2017-11-02,mdp,3.2
2017-11-02,cp/ap,NA
2017-11-02,lcp,NA
2017-11-04,pd,25
2017-11-04,i,NA
2017-11-04,fi,16.4
2017-11-04,ln,15.2
2017-11-04,fdl,5
2017-11-04,m5s,27
2017-11-04,leu,NA
2017-11-04,others,3.5
2017-11-04,si,2.3
2017-11-04,ap,1.8
2017-11-04,mdp,3.8
2017-11-04,cp/ap,NA
2017-11-04,lcp,NA
2017-11-05,pd,26.5
2017-11-05,i,NA
2017-11-05,fi,13.3
2017-11-05,ln,13.7
2017-11-05,fdl,5
2017-11-05,m5s,28.6
2017-11-05,leu,NA
2017-11-05,others,5.4
2017-11-05,si,2
2017-11-05,ap,1.8
2017-11-05,mdp,3.1
2017-11-05,cp/ap,0.6
2017-11-05,lcp,NA
2017-11-06,pd,27.5
2017-11-06,i,NA
2017-11-06,fi,14
2017-11-06,ln,14.5
2017-11-06,fdl,5
2017-11-06,m5s,29
2017-11-06,leu,NA
2017-11-06,others,2.5
2017-11-06,si,2
2017-11-06,ap,2
2017-11-06,mdp,3.5
2017-11-06,cp/ap,NA
2017-11-06,lcp,NA
2017-11-07,pd,24.7
2017-11-07,i,NA
2017-11-07,fi,15.5
2017-11-07,ln,15.7
2017-11-07,fdl,4.2
2017-11-07,m5s,28.3
2017-11-07,leu,NA
2017-11-07,others,4.3
2017-11-07,si,2
2017-11-07,ap,1
2017-11-07,mdp,2.7
2017-11-07,cp/ap,1.6
2017-11-07,lcp,NA
2017-11-08,pd,24.7
2017-11-08,pd,25.5
2017-11-08,pd,26.3
2017-11-08,i,NA
2017-11-08,i,NA
2017-11-08,i,NA
2017-11-08,fi,14.3
2017-11-08,fi,14.3
2017-11-08,fi,14.9
2017-11-08,ln,14.5
2017-11-08,ln,15
2017-11-08,ln,15.2
2017-11-08,fdl,4.6
2017-11-08,fdl,4.7
2017-11-08,fdl,5
2017-11-08,m5s,25.4
2017-11-08,m5s,27.6
2017-11-08,m5s,27.8
2017-11-08,leu,NA
2017-11-08,leu,NA
2017-11-08,leu,NA
2017-11-08,others,3
2017-11-08,others,5
2017-11-08,others,5.8
2017-11-08,si,2
2017-11-08,si,2.1
2017-11-08,si,2.3
2017-11-08,ap,1.7
2017-11-08,ap,2
2017-11-08,ap,2.5
2017-11-08,mdp,2.9
2017-11-08,mdp,3
2017-11-08,mdp,3.1
2017-11-08,cp/ap,1.6
2017-11-08,cp/ap,3.2
2017-11-08,cp/ap,NA
2017-11-08,lcp,NA
2017-11-08,lcp,NA
2017-11-08,lcp,NA
2017-11-09,pd,24.3
2017-11-09,i,NA
2017-11-09,fi,16.1
2017-11-09,ln,15.3
2017-11-09,fdl,5.1
2017-11-09,m5s,29.3
2017-11-09,leu,NA
2017-11-09,others,2
2017-11-09,si,2.5
2017-11-09,ap,2.6
2017-11-09,mdp,2.8
2017-11-09,cp/ap,NA
2017-11-09,lcp,NA
2017-11-12,pd,26
2017-11-12,i,NA
2017-11-12,fi,14
2017-11-12,ln,13.7
2017-11-12,fdl,5.4
2017-11-12,m5s,27.7
2017-11-12,leu,NA
2017-11-12,others,5.5
2017-11-12,si,1.9
2017-11-12,ap,1.8
2017-11-12,mdp,3.3
2017-11-12,cp/ap,0.7
2017-11-12,lcp,NA
2017-11-15,pd,23.8
2017-11-15,pd,24.5
2017-11-15,pd,25.9
2017-11-15,i,NA
2017-11-15,i,NA
2017-11-15,i,NA
2017-11-15,fi,13.6
2017-11-15,fi,14.6
2017-11-15,fi,15.5
2017-11-15,ln,13.5
2017-11-15,ln,14.8
2017-11-15,ln,15
2017-11-15,fdl,4.3
2017-11-15,fdl,4.8
2017-11-15,fdl,5
2017-11-15,m5s,26.5
2017-11-15,m5s,27.5
2017-11-15,m5s,27.9
2017-11-15,leu,NA
2017-11-15,leu,NA
2017-11-15,leu,NA
2017-11-15,others,6
2017-11-15,others,6.4
2017-11-15,others,6.5
2017-11-15,si,2
2017-11-15,si,2.4
2017-11-15,si,2.7
2017-11-15,ap,1.8
2017-11-15,ap,2.1
2017-11-15,ap,2.5
2017-11-15,mdp,2.8
2017-11-15,mdp,3.1
2017-11-15,mdp,3.3
2017-11-15,cp/ap,1.2
2017-11-15,cp/ap,NA
2017-11-15,cp/ap,NA
2017-11-15,lcp,NA
2017-11-15,lcp,NA
2017-11-15,lcp,NA
2017-11-16,pd,24.9
2017-11-16,i,NA
2017-11-16,fi,14.8
2017-11-16,ln,14.4
2017-11-16,fdl,4.8
2017-11-16,m5s,27.3
2017-11-16,leu,NA
2017-11-16,others,6.6
2017-11-16,si,2.2
2017-11-16,ap,1.9
2017-11-16,mdp,3.1
2017-11-16,cp/ap,NA
2017-11-16,lcp,NA
2017-11-18,pd,24.2
2017-11-18,i,NA
2017-11-18,fi,16.6
2017-11-18,ln,15.8
2017-11-18,fdl,5
2017-11-18,m5s,27.4
2017-11-18,leu,NA
2017-11-18,others,3.3
2017-11-18,si,2.3
2017-11-18,ap,1.7
2017-11-18,mdp,3.1
2017-11-18,cp/ap,0.6
2017-11-18,lcp,NA
2017-11-19,pd,25.6
2017-11-19,i,NA
2017-11-19,fi,14.2
2017-11-19,ln,13.4
2017-11-19,fdl,5.2
2017-11-19,m5s,28
2017-11-19,leu,NA
2017-11-19,others,5.7
2017-11-19,si,1.9
2017-11-19,ap,1.8
2017-11-19,mdp,3.4
2017-11-19,cp/ap,0.8
2017-11-19,lcp,NA
2017-11-21,pd,23.4
2017-11-21,i,NA
2017-11-21,fi,15.8
2017-11-21,ln,13.1
2017-11-21,fdl,5
2017-11-21,m5s,28
2017-11-21,leu,NA
2017-11-21,others,6.5
2017-11-21,si,3
2017-11-21,ap,2
2017-11-21,mdp,3.2
2017-11-21,cp/ap,NA
2017-11-21,lcp,NA
2017-11-22,pd,24.3
2017-11-22,pd,25.5
2017-11-22,pd,26.3
2017-11-22,i,NA
2017-11-22,i,NA
2017-11-22,i,NA
2017-11-22,fi,14.5
2017-11-22,fi,15
2017-11-22,fi,15.8
2017-11-22,ln,13.9
2017-11-22,ln,14
2017-11-22,ln,14.7
2017-11-22,fdl,3.8
2017-11-22,fdl,4.8
2017-11-22,fdl,5
2017-11-22,m5s,26
2017-11-22,m5s,26.1
2017-11-22,m5s,27.5
2017-11-22,leu,NA
2017-11-22,leu,NA
2017-11-22,leu,NA
2017-11-22,others,5.5
2017-11-22,others,5.6
2017-11-22,others,6.5
2017-11-22,si,2
2017-11-22,si,2.4
2017-11-22,si,NA
2017-11-22,ap,1.8
2017-11-22,ap,2.1
2017-11-22,ap,2.6
2017-11-22,mdp,3
2017-11-22,mdp,3.2
2017-11-22,mdp,5.4
2017-11-22,cp/ap,1.1
2017-11-22,cp/ap,1.6
2017-11-22,cp/ap,NA
2017-11-22,lcp,NA
2017-11-22,lcp,NA
2017-11-22,lcp,NA
2017-11-23,pd,24.4
2017-11-23,i,NA
2017-11-23,fi,15.1
2017-11-23,ln,14.3
2017-11-23,fdl,4.9
2017-11-23,m5s,27.5
2017-11-23,leu,NA
2017-11-23,others,6.7
2017-11-23,si,2.4
2017-11-23,ap,2.1
2017-11-23,mdp,3
2017-11-23,cp/ap,NA
2017-11-23,lcp,NA
2017-11-26,pd,23.5
2017-11-26,pd,25.6
2017-11-26,i,NA
2017-11-26,i,NA
2017-11-26,fi,14.6
2017-11-26,fi,17.5
2017-11-26,ln,13
2017-11-26,ln,14.8
2017-11-26,fdl,4.9
2017-11-26,fdl,5.3
2017-11-26,m5s,25.8
2017-11-26,m5s,27.9
2017-11-26,leu,NA
2017-11-26,leu,NA
2017-11-26,others,5
2017-11-26,others,5.8
2017-11-26,si,2.6
2017-11-26,si,NA
2017-11-26,ap,1.7
2017-11-26,ap,1.9
2017-11-26,mdp,4
2017-11-26,mdp,5.5
2017-11-26,cp/ap,0.6
2017-11-26,cp/ap,NA
2017-11-26,lcp,NA
2017-11-26,lcp,NA
2017-11-29,pd,24.3
2017-11-29,pd,26.2
2017-11-29,i,NA
2017-11-29,i,NA
2017-11-29,fi,14.8
2017-11-29,fi,15.3
2017-11-29,ln,13.5
2017-11-29,ln,14.3
2017-11-29,fdl,5.1
2017-11-29,fdl,5.1
2017-11-29,m5s,25.7
2017-11-29,m5s,27.3
2017-11-29,leu,NA
2017-11-29,leu,NA
2017-11-29,others,6
2017-11-29,others,6.6
2017-11-29,si,2
2017-11-29,si,NA
2017-11-29,ap,1.7
2017-11-29,ap,2.6
2017-11-29,mdp,3.4
2017-11-29,mdp,4.9
2017-11-29,cp/ap,1.2
2017-11-29,cp/ap,NA
2017-11-29,lcp,NA
2017-11-29,lcp,NA
2017-11-30,pd,24.4
2017-11-30,i,NA
2017-11-30,fi,15.6
2017-11-30,ln,13.7
2017-11-30,fdl,5
2017-11-30,m5s,27
2017-11-30,leu,NA
2017-11-30,others,6.8
2017-11-30,si,2.4
2017-11-30,ap,2.1
2017-11-30,mdp,3
2017-11-30,cp/ap,NA
2017-11-30,lcp,NA
2017-12-03,pd,25.3
2017-12-03,i,NA
2017-12-03,fi,15.3
2017-12-03,ln,12.8
2017-12-03,fdl,5.3
2017-12-03,m5s,28.3
2017-12-03,leu,5.2
2017-12-03,others,5.6
2017-12-03,si,NA
2017-12-03,ap,1.5
2017-12-03,mdp,NA
2017-12-03,cp/ap,0.7
2017-12-03,lcp,NA
2017-12-04,pd,23.3
2017-12-04,i,NA
2017-12-04,fi,17
2017-12-04,ln,14.2
2017-12-04,fdl,5.4
2017-12-04,m5s,26.1
2017-12-04,leu,7.8
2017-12-04,others,4.6
2017-12-04,si,NA
2017-12-04,ap,1.6
2017-12-04,mdp,NA
2017-12-04,cp/ap,NA
2017-12-04,lcp,NA
2017-12-06,pd,23.1
2017-12-06,pd,24.1
2017-12-06,pd,24.4
2017-12-06,pd,25.5
2017-12-06,i,NA
2017-12-06,i,NA
2017-12-06,i,NA
2017-12-06,i,NA
2017-12-06,fi,15.5
2017-12-06,fi,15.5
2017-12-06,fi,15.8
2017-12-06,fi,16.7
2017-12-06,ln,12.7
2017-12-06,ln,13.8
2017-12-06,ln,13.8
2017-12-06,ln,14.4
2017-12-06,fdl,4.9
2017-12-06,fdl,5.3
2017-12-06,fdl,5.3
2017-12-06,fdl,5.4
2017-12-06,m5s,25.8
2017-12-06,m5s,27.5
2017-12-06,m5s,27.5
2017-12-06,m5s,29.1
2017-12-06,leu,5.6
2017-12-06,leu,6.2
2017-12-06,leu,6.6
2017-12-06,leu,7.5
2017-12-06,others,1.2
2017-12-06,others,6.3
2017-12-06,others,6.5
2017-12-06,others,6.7
2017-12-06,si,NA
2017-12-06,si,NA
2017-12-06,si,NA
2017-12-06,si,NA
2017-12-06,ap,1.3
2017-12-06,ap,1.3
2017-12-06,ap,2
2017-12-06,ap,2.7
2017-12-06,mdp,NA
2017-12-06,mdp,NA
2017-12-06,mdp,NA
2017-12-06,mdp,NA
2017-12-06,cp/ap,NA
2017-12-06,cp/ap,NA
2017-12-06,cp/ap,NA
2017-12-06,cp/ap,NA
2017-12-06,lcp,NA
2017-12-06,lcp,NA
2017-12-06,lcp,NA
2017-12-06,lcp,NA
2017-12-07,pd,24.9
2017-12-07,pd,25
2017-12-07,pd,25.2
2017-12-07,pd,27
2017-12-07,i,NA
2017-12-07,i,NA
2017-12-07,i,NA
2017-12-07,i,NA
2017-12-07,fi,14.5
2017-12-07,fi,14.8
2017-12-07,fi,15.2
2017-12-07,fi,15.4
2017-12-07,ln,13
2017-12-07,ln,13.6
2017-12-07,ln,14.1
2017-12-07,ln,14.5
2017-12-07,fdl,4.8
2017-12-07,fdl,4.9
2017-12-07,fdl,5
2017-12-07,fdl,5.2
2017-12-07,m5s,26.8
2017-12-07,m5s,27.5
2017-12-07,m5s,28
2017-12-07,m5s,28.7
2017-12-07,leu,6
2017-12-07,leu,6
2017-12-07,leu,7
2017-12-07,leu,7.6
2017-12-07,others,2
2017-12-07,others,5.7
2017-12-07,others,6.4
2017-12-07,others,7.5
2017-12-07,si,NA
2017-12-07,si,NA
2017-12-07,si,NA
2017-12-07,si,NA
2017-12-07,ap,1.9
2017-12-07,ap,2
2017-12-07,ap,NA
2017-12-07,ap,NA
2017-12-07,mdp,NA
2017-12-07,mdp,NA
2017-12-07,mdp,NA
2017-12-07,mdp,NA
2017-12-07,cp/ap,NA
2017-12-07,cp/ap,NA
2017-12-07,cp/ap,NA
2017-12-07,cp/ap,NA
2017-12-07,lcp,NA
2017-12-07,lcp,NA
2017-12-07,lcp,NA
2017-12-07,lcp,NA
2017-12-08,pd,24
2017-12-08,i,NA
2017-12-08,fi,16.4
2017-12-08,ln,14.5
2017-12-08,fdl,5
2017-12-08,m5s,26.5
2017-12-08,leu,5.8
2017-12-08,others,6.8
2017-12-08,si,NA
2017-12-08,ap,1
2017-12-08,mdp,NA
2017-12-08,cp/ap,NA
2017-12-08,lcp,NA
2017-12-10,pd,25.3
2017-12-10,i,NA
2017-12-10,fi,15.7
2017-12-10,ln,12.5
2017-12-10,fdl,5.2
2017-12-10,m5s,28.6
2017-12-10,leu,5.4
2017-12-10,others,5.9
2017-12-10,si,NA
2017-12-10,ap,1.4
2017-12-10,mdp,NA
2017-12-10,cp/ap,NA
2017-12-10,lcp,NA
2017-12-11,pd,23.7
2017-12-11,i,NA
2017-12-11,fi,17.4
2017-12-11,ln,14
2017-12-11,fdl,5.4
2017-12-11,m5s,26.7
2017-12-11,leu,7.3
2017-12-11,others,4.4
2017-12-11,si,NA
2017-12-11,ap,1.1
2017-12-11,mdp,NA
2017-12-11,cp/ap,NA
2017-12-11,lcp,NA
2017-12-13,pd,23.4
2017-12-13,pd,24.1
2017-12-13,pd,25
2017-12-13,i,NA
2017-12-13,i,NA
2017-12-13,i,NA
2017-12-13,fi,15.1
2017-12-13,fi,15.6
2017-12-13,fi,16.7
2017-12-13,ln,13.6
2017-12-13,ln,14.2
2017-12-13,ln,14.3
2017-12-13,fdl,5
2017-12-13,fdl,5
2017-12-13,fdl,5.3
2017-12-13,m5s,26.2
2017-12-13,m5s,27.8
2017-12-13,m5s,28.2
2017-12-13,leu,6.2
2017-12-13,leu,6.4
2017-12-13,leu,6.6
2017-12-13,others,3.8
2017-12-13,others,7
2017-12-13,others,7.4
2017-12-13,si,NA
2017-12-13,si,NA
2017-12-13,si,NA
2017-12-13,ap,1.1
2017-12-13,ap,2
2017-12-13,ap,NA
2017-12-13,mdp,NA
2017-12-13,mdp,NA
2017-12-13,mdp,NA
2017-12-13,cp/ap,NA
2017-12-13,cp/ap,NA
2017-12-13,cp/ap,NA
2017-12-13,lcp,NA
2017-12-13,lcp,NA
2017-12-13,lcp,NA
2017-12-14,pd,24.4
2017-12-14,i,NA
2017-12-14,fi,15.5
2017-12-14,ln,13.5
2017-12-14,fdl,5
2017-12-14,m5s,27.2
2017-12-14,leu,6.4
2017-12-14,others,6.3
2017-12-14,si,NA
2017-12-14,ap,1.8
2017-12-14,mdp,NA
2017-12-14,cp/ap,NA
2017-12-14,lcp,NA
2017-12-17,pd,24.9
2017-12-17,i,NA
2017-12-17,fi,15
2017-12-17,ln,13.3
2017-12-17,fdl,5.4
2017-12-17,m5s,28.5
2017-12-17,leu,5.7
2017-12-17,others,6
2017-12-17,si,NA
2017-12-17,ap,1.2
2017-12-17,mdp,NA
2017-12-17,cp/ap,NA
2017-12-17,lcp,NA
2017-12-18,pd,23
2017-12-18,pd,25.1
2017-12-18,pd,26
2017-12-18,i,NA
2017-12-18,i,NA
2017-12-18,i,NA
2017-12-18,fi,15
2017-12-18,fi,15.8
2017-12-18,fi,17.5
2017-12-18,ln,13.3
2017-12-18,ln,14
2017-12-18,ln,14.1
2017-12-18,fdl,3.8
2017-12-18,fdl,5
2017-12-18,fdl,5.3
2017-12-18,m5s,26.5
2017-12-18,m5s,26.9
2017-12-18,m5s,28
2017-12-18,leu,6.4
2017-12-18,leu,7
2017-12-18,leu,7.9
2017-12-18,others,4
2017-12-18,others,4.4
2017-12-18,others,7
2017-12-18,si,NA
2017-12-18,si,NA
2017-12-18,si,NA
2017-12-18,ap,0.9
2017-12-18,ap,1
2017-12-18,ap,2.1
2017-12-18,mdp,NA
2017-12-18,mdp,NA
2017-12-18,mdp,NA
2017-12-18,cp/ap,NA
2017-12-18,cp/ap,NA
2017-12-18,cp/ap,NA
2017-12-18,lcp,NA
2017-12-18,lcp,NA
2017-12-18,lcp,NA
2017-12-19,pd,23.5
2017-12-19,pd,25
2017-12-19,i,NA
2017-12-19,i,NA
2017-12-19,fi,15
2017-12-19,fi,16.8
2017-12-19,ln,14
2017-12-19,ln,14.5
2017-12-19,fdl,5
2017-12-19,fdl,5
2017-12-19,m5s,26.3
2017-12-19,m5s,29
2017-12-19,leu,6.4
2017-12-19,leu,7
2017-12-19,others,5
2017-12-19,others,6.9
2017-12-19,si,NA
2017-12-19,si,NA
2017-12-19,ap,0.6
2017-12-19,ap,NA
2017-12-19,mdp,NA
2017-12-19,mdp,NA
2017-12-19,cp/ap,NA
2017-12-19,cp/ap,NA
2017-12-19,lcp,NA
2017-12-19,lcp,NA
2017-12-20,pd,23.7
2017-12-20,pd,25
2017-12-20,i,NA
2017-12-20,i,NA
2017-12-20,fi,14.8
2017-12-20,fi,15.4
2017-12-20,ln,13.7
2017-12-20,ln,14
2017-12-20,fdl,5.3
2017-12-20,fdl,5.3
2017-12-20,m5s,25.7
2017-12-20,m5s,27.9
2017-12-20,leu,6.5
2017-12-20,leu,7
2017-12-20,others,7.2
2017-12-20,others,7.2
2017-12-20,si,NA
2017-12-20,si,NA
2017-12-20,ap,1.3
2017-12-20,ap,NA
2017-12-20,mdp,NA
2017-12-20,mdp,NA
2017-12-20,cp/ap,NA
2017-12-20,cp/ap,NA
2017-12-20,lcp,NA
2017-12-20,lcp,NA
2017-12-21,pd,24.1
2017-12-21,i,NA
2017-12-21,fi,15.4
2017-12-21,ln,13.4
2017-12-21,fdl,5.1
2017-12-21,m5s,27.3
2017-12-21,leu,6.8
2017-12-21,others,6.3
2017-12-21,si,NA
2017-12-21,ap,1.3
2017-12-21,mdp,NA
2017-12-21,cp/ap,NA
2017-12-21,lcp,NA
2017-12-22,pd,22.8
2017-12-22,i,NA
2017-12-22,fi,16.2
2017-12-22,ln,12.1
2017-12-22,fdl,5
2017-12-22,m5s,29
2017-12-22,leu,7.3
2017-12-22,others,6.4
2017-12-22,si,NA
2017-12-22,ap,1.2
2017-12-22,mdp,NA
2017-12-22,cp/ap,NA
2017-12-22,lcp,NA
2017-12-28,pd,24.1
2017-12-28,i,NA
2017-12-28,fi,15.8
2017-12-28,ln,13.7
2017-12-28,fdl,5.1
2017-12-28,m5s,27.5
2017-12-28,leu,6.8
2017-12-28,others,5.8
2017-12-28,si,NA
2017-12-28,ap,1.2
2017-12-28,mdp,NA
2017-12-28,cp/ap,NA
2017-12-28,lcp,NA
2018-01-07,pd,24.1
2018-01-07,e,1.4
2018-01-07,i,1.5
2018-01-07,cp,1
2018-01-07,fi,14.8
2018-01-07,ln,13.6
2018-01-07,fdl,5.5
2018-01-07,ncl,2.2
2018-01-07,m5s,28.2
2018-01-07,leu,5.6
2018-01-07,pap,NA
2018-01-07,cpi,NA
2018-01-07,others,2.1
2018-01-08,pd,20.7
2018-01-08,pd,24
2018-01-08,e,2.5
2018-01-08,e,4.3
2018-01-08,i,2.5
2018-01-08,i,4.3
2018-01-08,cp,2.5
2018-01-08,cp,4.3
2018-01-08,fi,15.3
2018-01-08,fi,18
2018-01-08,ln,12.6
2018-01-08,ln,14
2018-01-08,fdl,5
2018-01-08,fdl,5.3
2018-01-08,ncl,1.9
2018-01-08,ncl,2.6
2018-01-08,m5s,28.1
2018-01-08,m5s,29
2018-01-08,leu,6.7
2018-01-08,leu,7
2018-01-08,pap,NA
2018-01-08,pap,NA
2018-01-08,cpi,NA
2018-01-08,cpi,NA
2018-01-08,others,1.3
2018-01-08,others,1.7
2018-01-09,pd,22
2018-01-09,pd,24.1
2018-01-09,e,1.3
2018-01-09,e,2.5
2018-01-09,i,0.5
2018-01-09,i,1
2018-01-09,cp,1.4
2018-01-09,cp,2.5
2018-01-09,fi,16
2018-01-09,fi,16.1
2018-01-09,ln,12.9
2018-01-09,ln,13
2018-01-09,fdl,4.5
2018-01-09,fdl,6.3
2018-01-09,ncl,2.5
2018-01-09,ncl,2.7
2018-01-09,m5s,27
2018-01-09,m5s,28
2018-01-09,leu,5
2018-01-09,leu,5.9
2018-01-09,pap,0.9
2018-01-09,pap,NA
2018-01-09,cpi,0.6
2018-01-09,cpi,NA
2018-01-09,others,1.5
2018-01-09,others,1.8
2018-01-10,pd,23.1
2018-01-10,pd,23.1
2018-01-10,pd,24
2018-01-10,e,1.3
2018-01-10,e,1.5
2018-01-10,e,1.7
2018-01-10,i,0.9
2018-01-10,i,1.7
2018-01-10,i,NA
2018-01-10,cp,0.8
2018-01-10,cp,1.4
2018-01-10,cp,1.7
2018-01-10,fi,15
2018-01-10,fi,16.7
2018-01-10,fi,17.2
2018-01-10,ln,11.8
2018-01-10,ln,13.1
2018-01-10,ln,13.7
2018-01-10,fdl,4.9
2018-01-10,fdl,5.4
2018-01-10,fdl,5.7
2018-01-10,ncl,1.6
2018-01-10,ncl,1.6
2018-01-10,ncl,2.4
2018-01-10,m5s,26.7
2018-01-10,m5s,27.8
2018-01-10,m5s,28
2018-01-10,leu,6.2
2018-01-10,leu,6.8
2018-01-10,leu,7
2018-01-10,pap,0.7
2018-01-10,pap,NA
2018-01-10,pap,NA
2018-01-10,cpi,NA
2018-01-10,cpi,NA
2018-01-10,cpi,NA
2018-01-10,others,2
2018-01-10,others,2.1
2018-01-10,others,2.4
2018-01-11,pd,23.1
2018-01-11,pd,23.5
2018-01-11,pd,23.5
2018-01-11,e,1.2
2018-01-11,e,1.3
2018-01-11,e,3.5
2018-01-11,i,1.4
2018-01-11,i,1.5
2018-01-11,i,3.5
2018-01-11,cp,1.1
2018-01-11,cp,1.8
2018-01-11,cp,3.5
2018-01-11,fi,15.3
2018-01-11,fi,15.6
2018-01-11,fi,16.5
2018-01-11,ln,13.5
2018-01-11,ln,13.8
2018-01-11,ln,13.8
2018-01-11,fdl,4.7
2018-01-11,fdl,5
2018-01-11,fdl,5.5
2018-01-11,ncl,0.9
2018-01-11,ncl,1.9
2018-01-11,ncl,2.4
2018-01-11,m5s,27.9
2018-01-11,m5s,28.7
2018-01-11,m5s,29.2
2018-01-11,leu,5.8
2018-01-11,leu,6.4
2018-01-11,leu,6.5
2018-01-11,pap,0.7
2018-01-11,pap,NA
2018-01-11,pap,NA
2018-01-11,cpi,NA
2018-01-11,cpi,NA
2018-01-11,cpi,NA
2018-01-11,others,0.8
2018-01-11,others,1
2018-01-11,others,2.2
2018-01-14,pd,23.8
2018-01-14,e,1.4
2018-01-14,i,1.5
2018-01-14,cp,1.1
2018-01-14,fi,15.7
2018-01-14,ln,13.8
2018-01-14,fdl,5.5
2018-01-14,ncl,2.6
2018-01-14,m5s,26.8
2018-01-14,leu,6
2018-01-14,pap,NA
2018-01-14,cpi,NA
2018-01-14,others,1.4
2018-01-15,pd,24.2
2018-01-15,pd,25
2018-01-15,e,1.5
2018-01-15,e,1.8
2018-01-15,i,0.4
2018-01-15,i,1
2018-01-15,cp,1
2018-01-15,cp,1.2
2018-01-15,fi,15
2018-01-15,fi,18
2018-01-15,ln,13.5
2018-01-15,ln,14
2018-01-15,fdl,4.4
2018-01-15,fdl,5
2018-01-15,ncl,2.4
2018-01-15,ncl,2.5
2018-01-15,m5s,26.3
2018-01-15,m5s,27
2018-01-15,leu,6
2018-01-15,leu,7
2018-01-15,pap,NA
2018-01-15,pap,NA
2018-01-15,cpi,0.6
2018-01-15,cpi,NA
2018-01-15,others,1
2018-01-15,others,1.2
2018-01-17,pd,23.6
2018-01-17,pd,24
2018-01-17,e,1.2
2018-01-17,e,1.4
2018-01-17,i,0.8
2018-01-17,i,1.5
2018-01-17,cp,1
2018-01-17,cp,1.3
2018-01-17,fi,15.6
2018-01-17,fi,16
2018-01-17,ln,13.2
2018-01-17,ln,13.6
2018-01-17,fdl,5.3
2018-01-17,fdl,5.7
2018-01-17,ncl,1.5
2018-01-17,ncl,2
2018-01-17,m5s,27.3
2018-01-17,m5s,27.5
2018-01-17,leu,6.5
2018-01-17,leu,6.8
2018-01-17,pap,0.7
2018-01-17,pap,NA
2018-01-17,cpi,NA
2018-01-17,cpi,NA
2018-01-17,others,1.1
2018-01-17,others,1.4
2018-01-19,pd,22.3
2018-01-19,e,1.9
2018-01-19,i,0.6
2018-01-19,cp,1.2
2018-01-19,fi,17.4
2018-01-19,ln,11.3
2018-01-19,fdl,4.5
2018-01-19,ncl,2.5
2018-01-19,m5s,27.8
2018-01-19,leu,7.4
2018-01-19,pap,NA
2018-01-19,cpi,NA
2018-01-19,others,3.1
2018-01-21,pd,23.7
2018-01-21,e,1.4
2018-01-21,i,1.6
2018-01-21,cp,1
2018-01-21,fi,16
2018-01-21,ln,13.9
2018-01-21,fdl,5.1
2018-01-21,ncl,2.7
2018-01-21,m5s,27
2018-01-21,leu,6.1
2018-01-21,pap,NA
2018-01-21,cpi,NA
2018-01-21,others,1.1
2018-01-22,pd,22
2018-01-22,pd,22.3
2018-01-22,pd,25.3
2018-01-22,e,1.1
2018-01-22,e,1.8
2018-01-22,e,2
2018-01-22,i,0.2
2018-01-22,i,1
2018-01-22,i,NA
2018-01-22,cp,1.4
2018-01-22,cp,2
2018-01-22,cp,NA
2018-01-22,fi,15.9
2018-01-22,fi,16
2018-01-22,fi,18.2
2018-01-22,ln,12
2018-01-22,ln,12.2
2018-01-22,ln,12.6
2018-01-22,fdl,4
2018-01-22,fdl,5.4
2018-01-22,fdl,6
2018-01-22,ncl,1.4
2018-01-22,ncl,2.8
2018-01-22,ncl,3
2018-01-22,m5s,27
2018-01-22,m5s,28
2018-01-22,m5s,29.2
2018-01-22,leu,5.9
2018-01-22,leu,6
2018-01-22,leu,6.2
2018-01-22,pap,NA
2018-01-22,pap,NA
2018-01-22,pap,NA
2018-01-22,cpi,NA
2018-01-22,cpi,NA
2018-01-22,cpi,NA
2018-01-22,others,1.5
2018-01-22,others,2
2018-01-22,others,3.7
2018-01-23,pd,22.3
2018-01-23,e,1.7
2018-01-23,i,NA
2018-01-23,cp,NA
2018-01-23,fi,18.3
2018-01-23,ln,12.5
2018-01-23,fdl,5.3
2018-01-23,ncl,2.8
2018-01-23,m5s,27.4
2018-01-23,leu,6.3
2018-01-23,pap,NA
2018-01-23,cpi,NA
2018-01-23,others,3.4
2018-01-24,pd,22.7
2018-01-24,pd,24
2018-01-24,e,1.5
2018-01-24,e,4
2018-01-24,i,0.9
2018-01-24,i,4
2018-01-24,cp,1.3
2018-01-24,cp,4
2018-01-24,fi,16
2018-01-24,fi,16.9
2018-01-24,ln,13
2018-01-24,ln,13.7
2018-01-24,fdl,4.6
2018-01-24,fdl,5.5
2018-01-24,ncl,1.1
2018-01-24,ncl,2.2
2018-01-24,m5s,27.8
2018-01-24,m5s,29.3
2018-01-24,leu,6.1
2018-01-24,leu,6.4
2018-01-24,pap,0.4
2018-01-24,pap,NA
2018-01-24,cpi,NA
2018-01-24,cpi,NA
2018-01-24,others,0.6
2018-01-24,others,1.6
2018-01-25,pd,21.8
2018-01-25,pd,24
2018-01-25,pd,24.3
2018-01-25,pd,25.5
2018-01-25,e,1.3
2018-01-25,e,1.5
2018-01-25,e,2
2018-01-25,e,2.5
2018-01-25,i,0.5
2018-01-25,i,0.6
2018-01-25,i,0.7
2018-01-25,i,1.6
2018-01-25,cp,0.5
2018-01-25,cp,0.9
2018-01-25,cp,1
2018-01-25,cp,1.1
2018-01-25,fi,15
2018-01-25,fi,15.8
2018-01-25,fi,16.7
2018-01-25,fi,18.4
2018-01-25,ln,11.9
2018-01-25,ln,13.5
2018-01-25,ln,13.6
2018-01-25,ln,13.7
2018-01-25,fdl,4.4
2018-01-25,fdl,4.5
2018-01-25,fdl,4.5
2018-01-25,fdl,5.2
2018-01-25,ncl,2.1
2018-01-25,ncl,2.1
2018-01-25,ncl,2.2
2018-01-25,ncl,2.5
2018-01-25,m5s,26.4
2018-01-25,m5s,27
2018-01-25,m5s,27.5
2018-01-25,m5s,29.2
2018-01-25,leu,6
2018-01-25,leu,6.5
2018-01-25,leu,7
2018-01-25,leu,7
2018-01-25,pap,NA
2018-01-25,pap,NA
2018-01-25,pap,NA
2018-01-25,pap,NA
2018-01-25,cpi,0.5
2018-01-25,cpi,NA
2018-01-25,cpi,NA
2018-01-25,cpi,NA
2018-01-25,others,1
2018-01-25,others,1
2018-01-25,others,1.8
2018-01-25,others,3.2
2018-01-28,pd,24
2018-01-28,e,1.6
2018-01-28,i,1.7
2018-01-28,cp,1
2018-01-28,fi,15.9
2018-01-28,ln,13.8
2018-01-28,fdl,5
2018-01-28,ncl,2.8
2018-01-28,m5s,26.5
2018-01-28,leu,5.7
2018-01-28,pap,NA
2018-01-28,cpi,NA
2018-01-28,others,2
2018-01-29,pd,22.2
2018-01-29,pd,23
2018-01-29,e,1.6
2018-01-29,e,NA
2018-01-29,i,NA
2018-01-29,i,NA
2018-01-29,cp,NA
2018-01-29,cp,NA
2018-01-29,fi,16
2018-01-29,fi,18.3
2018-01-29,ln,12.8
2018-01-29,ln,14
2018-01-29,fdl,4.5
2018-01-29,fdl,5.1
2018-01-29,ncl,2.8
2018-01-29,ncl,NA
2018-01-29,m5s,27.8
2018-01-29,m5s,29.5
2018-01-29,leu,6
2018-01-29,leu,6.2
2018-01-29,pap,NA
2018-01-29,pap,NA
2018-01-29,cpi,NA
2018-01-29,cpi,NA
2018-01-29,others,3.2
2018-01-29,others,NA
2018-01-31,pd,23.7
2018-01-31,e,2
2018-01-31,i,1
2018-01-31,cp,1.1
2018-01-31,fi,15.9
2018-01-31,ln,12.9
2018-01-31,fdl,5.1
2018-01-31,ncl,2.3
2018-01-31,m5s,28.4
2018-01-31,leu,6
2018-01-31,pap,0.5
2018-01-31,cpi,NA
2018-01-31,others,1.1
2018-02-01,pd,22
2018-02-01,pd,23.8
2018-02-01,pd,23.8
2018-02-01,pd,23.8
2018-02-01,pd,25.5
2018-02-01,e,1.6
2018-02-01,e,1.6
2018-02-01,e,1.6
2018-02-01,e,2.5
2018-02-01,e,2.6
2018-02-01,i,0.4
2018-02-01,i,0.5
2018-02-01,i,1.1
2018-02-01,i,1.8
2018-02-01,i,1.8
2018-02-01,cp,0.5
2018-02-01,cp,0.8
2018-02-01,cp,0.8
2018-02-01,cp,1
2018-02-01,cp,1.1
2018-02-01,fi,15
2018-02-01,fi,15.8
2018-02-01,fi,16
2018-02-01,fi,17
2018-02-01,fi,17.8
2018-02-01,ln,11.5
2018-02-01,ln,13
2018-02-01,ln,13.6
2018-02-01,ln,13.7
2018-02-01,ln,13.8
2018-02-01,fdl,4.3
2018-02-01,fdl,4.5
2018-02-01,fdl,4.5
2018-02-01,fdl,4.8
2018-02-01,fdl,5
2018-02-01,ncl,2
2018-02-01,ncl,2.3
2018-02-01,ncl,2.5
2018-02-01,ncl,2.5
2018-02-01,ncl,2.8
2018-02-01,m5s,26.9
2018-02-01,m5s,26.9
2018-02-01,m5s,27.2
2018-02-01,m5s,27.5
2018-02-01,m5s,28.7
2018-02-01,leu,5.3
2018-02-01,leu,5.7
2018-02-01,leu,6.3
2018-02-01,leu,6.5
2018-02-01,leu,7.3
2018-02-01,pap,1.2
2018-02-01,pap,NA
2018-02-01,pap,NA
2018-02-01,pap,NA
2018-02-01,pap,NA
2018-02-01,cpi,0.5
2018-02-01,cpi,0.7
2018-02-01,cpi,NA
2018-02-01,cpi,NA
2018-02-01,cpi,NA
2018-02-01,others,0.3
2018-02-01,others,1.7
2018-02-01,others,2
2018-02-01,others,2.2
2018-02-01,others,NA
2018-02-02,pd,22
2018-02-02,pd,24.2
2018-02-02,e,1.6
2018-02-02,e,1.9
2018-02-02,i,1.2
2018-02-02,i,1.2
2018-02-02,cp,0.6
2018-02-02,cp,1.6
2018-02-02,fi,15.5
2018-02-02,fi,16.2
2018-02-02,ln,13.3
2018-02-02,ln,14
2018-02-02,fdl,4.2
2018-02-02,fdl,5.3
2018-02-02,ncl,1.5
2018-02-02,ncl,2.2
2018-02-02,m5s,26.2
2018-02-02,m5s,26.8
2018-02-02,leu,5
2018-02-02,leu,5.6
2018-02-02,pap,1.1
2018-02-02,pap,1.6
2018-02-02,cpi,0.9
2018-02-02,cpi,1.8
2018-02-02,others,2.3
2018-02-02,others,2.3
2018-02-04,pd,23
2018-02-04,e,1.9
2018-02-04,i,1.6
2018-02-04,cp,1
2018-02-04,fi,15.8
2018-02-04,ln,14.3
2018-02-04,fdl,4.6
2018-02-04,ncl,2.8
2018-02-04,m5s,27.2
2018-02-04,leu,5.4
2018-02-04,pap,NA
2018-02-04,cpi,NA
2018-02-04,others,2
2018-02-05,pd,25
2018-02-05,e,3
2018-02-05,i,1
2018-02-05,cp,0.5
2018-02-05,fi,16
2018-02-05,ln,14
2018-02-05,fdl,5
2018-02-05,ncl,2.5
2018-02-05,m5s,27
2018-02-05,leu,6.5
2018-02-05,pap,NA
2018-02-05,cpi,0.2
2018-02-05,others,0.3
2018-02-07,pd,22.1
2018-02-07,pd,22.1
2018-02-07,e,1.6
2018-02-07,e,3
2018-02-07,i,0.8
2018-02-07,i,NA
2018-02-07,cp,0.7
2018-02-07,cp,NA
2018-02-07,fi,17.3
2018-02-07,fi,18.3
2018-02-07,ln,11.1
2018-02-07,ln,13.2
2018-02-07,fdl,4.8
2018-02-07,fdl,4.9
2018-02-07,ncl,2
2018-02-07,ncl,2.9
2018-02-07,m5s,28
2018-02-07,m5s,28.3
2018-02-07,leu,5.7
2018-02-07,leu,6.5
2018-02-07,pap,1.3
2018-02-07,pap,NA
2018-02-07,cpi,NA
2018-02-07,cpi,NA
2018-02-07,others,2.1
2018-02-07,others,3.3
2018-02-08,pd,21.9
2018-02-08,pd,22.8
2018-02-08,pd,23.3
2018-02-08,pd,23.5
2018-02-08,e,1.9
2018-02-08,e,2.1
2018-02-08,e,2.8
2018-02-08,e,NA
2018-02-08,i,0.7
2018-02-08,i,0.8
2018-02-08,i,1.5
2018-02-08,i,NA
2018-02-08,cp,0.5
2018-02-08,cp,1.1
2018-02-08,cp,1.3
2018-02-08,cp,NA
2018-02-08,fi,15.3
2018-02-08,fi,15.7
2018-02-08,fi,15.7
2018-02-08,fi,16.3
2018-02-08,ln,13.1
2018-02-08,ln,14
2018-02-08,ln,14.1
2018-02-08,ln,14.8
2018-02-08,fdl,4.7
2018-02-08,fdl,4.8
2018-02-08,fdl,5
2018-02-08,fdl,5.5
2018-02-08,ncl,2
2018-02-08,ncl,2
2018-02-08,ncl,2.6
2018-02-08,ncl,NA
2018-02-08,m5s,26.8
2018-02-08,m5s,27.3
2018-02-08,m5s,28
2018-02-08,m5s,28.3
2018-02-08,leu,5.3
2018-02-08,leu,5.8
2018-02-08,leu,6
2018-02-08,leu,6.5
2018-02-08,pap,0.7
2018-02-08,pap,1.5
2018-02-08,pap,NA
2018-02-08,pap,NA
2018-02-08,cpi,1.9
2018-02-08,cpi,NA
2018-02-08,cpi,NA
2018-02-08,cpi,NA
2018-02-08,others,1
2018-02-08,others,1.3
2018-02-08,others,1.7
2018-02-08,others,8.1
